1break;2breaks
1,45729;1,78717
0,52552;0,54477
0,80951;0,19873
1,32499;0,73598
0,40964;0,33727
0,81947;0,89991
0,93996;0,48024
0,41047;0,12904
1,89389;0,48823
0,92358;0,1547
0,33454;0,41218
0,19687;0,20907
-1,4871;0,87672
0,24199;0,17184
0,50463;0,19482
0,81096;0,93519
0,12444;0,40838
0,28572;0,94561
0,44501;0,4975
1,96456;1,22949
-1,34475;0,40207
-1,63513;0,32962
0,19228;0,71669
0,79337;0,14227
0,81231;0,10488
0,16669;0,52283
0,59831;0,27656
-1,22044;0,10225
0,36392;0,80541
0,4567;0,42985
0,17733;0,82579
0,23157;0,35805
0,24994;0,49999
-1,75475;0,79679
0,62996;0,38145
0,9519;0,73871
1,56226;1,38248
0,33711;0,28781
0,17724;0,89123
-1,36022;0,27627
1,51088;0,67118
0,58885;0,86035
-1,60695;-1,24485
1,14514;0,32251
1,38092;0,23274
0,12442;0,97167
0,41379;0,17604
-1,22278;0,34941
-1,18124;0,54495
0,54554;1,22973
0,5455;0,41538
-1,32965;0,24182
0,80515;0,44696
0,60909;0,28242
0,24633;0,30303
0,76858;0,69301
0,42399;0,45513
0,64263;0,94005
0,34096;0,66415
0,32215;0,47201
0,30902;0,5688
0,99909;0,32411
0,10379;0,71407
0,75822;0,94328
1,23667;0,32097
0,30553;0,33596
0,44713;0,32315
0,93744;-1,75302
0,59157;1,81381
0,62152;0,19912
0,54626;1,20908
-1,13823;0,39407
0,55898;0,24657
0,49971;0,8349
0,77646;0,89664
0,54278;0,71541
0,26233;1,4686
0,93102;0,45453
0,60241;1,11167
0,58258;0,75302
0,3103;0,42163
0,25485;0,40166
-1,22612;0,51118
0,35565;-1,75087
0,32452;0,20631
0,32487;0,9641
-1,21758;-1,57519
0,30987;0,63823
1,34176;0,54403
1,18136;-1,15691
1,43164;0,5717
0,23598;0,8054
0,99792;0,66057
0,74791;0,75392
0,63684;0,47376
0,67281;-1,21569
0,6269;-1,84073
0,1581;0,80348
1,72773;1,96823
0,36983;0,83334
0,57652;0,48636
-1,57134;0,45165
0,31718;0,88484
0,74112;-1,29349
1,8125;0,7284
0,458;-1,37779
0,13835;-1,17129
0,5689;0,19232
0,80357;-2,50686
-1,86324;-2,68605
1,22886;2,85835
2,50889;-1,58979
2,24152;1,10988
0,96185;0,19124
2,80268;1,13883
-1,48797;1,71355
-1,1328;0,23343
-2,11659;1,23634
0,21428;0,38237
1,35769;0,79946
-2,57217;1,28103
2,3465;1,42841
-1,24612;-1,24017
2,55291;0,40342
0,88696;1,61
0,53583;0,4827
-1,54058;0,5374
2,94536;-1,92961
3,94477;-1,14413
-3,65627;0,36911
5,51234;0,53695
0,84199;-1,91767
1,15639;0,72102
-3,1494;0,69809
1,56262;0,87714
0,20174;0,20127
0,53997;1,10239
0,36288;0,39631
0,70395;-1,32214
0,31871;0,62836
0,50231;0,29076
0,62114;0,53997
0,63128;1,26416
-1,66216;0,29207
0,36217;1,6179
1,18341;0,25233
0,46248;0,92199
0,74283;0,76808
0,80917;-1,26445
0,88049;-2,16434
0,99102;2,27465
0,35681;0,96194
0,99215;0,97046
0,35311;0,14618
0,1413;0,51922
0,34623;-1,72313
0,45841;0,53972
0,29272;0,35969
0,47269;0,73295
1,8511;0,17702
0,67566;0,82414
0,23371;0,94283
0,50457;0,49923
0,28675;0,94897
0,54469;0,68
0,52359;0,72991
0,62958;0,70829
0,3859;0,75708
-1,94351;0,29285
1,61871;0,80306
2,20968;0,14446
0,13848;0,53934
-1,38513;0,38981
0,78229;0,66774
0,7667;1,30913
0,41786;-1,19156
1,37541;1,7531
0,98613;-1,1864
1,33544;0,60009
0,25623;1,85079
0,82251;0,57905
0,96249;0,16439
1,41844;0,98433
0,74501;1,1107
0,13915;0,15703
0,65212;0,46477
0,52852;0,69781
-1,52743;0,22999
0,4319;0,32142
-1,22089;0,10909
0,85409;0,57936
0,49163;0,42174
0,3495;0,32872
1,79393;0,70822
0,22963;0,92152
0,89743;0,4974
0,66986;0,8983
0,29342;0,20244
0,95431;0,35686
0,43857;1,8399
1,29738;-1,43189
0,42516;0,58213
0,53895;0,30488
0,3477;1,61481
0,95595;0,57603
0,59123;0,13275
0,95127;0,90946
0,57537;0,64888
0,52905;0,29027
-1,46271;0,40525
0,2453;1,33952
0,13616;0,99321
1,37383;-1,27325
0,91245;2,4411
0,38793;0,87525
0,66793;0,38563
0,12509;0,13056
0,29997;0,27882
0,96408;1,69368
0,26746;1,27981
0,42763;0,26048
0,76683;-1,71805
0,13061;1,3285
0,38246;0,56807
0,14068;0,73613
0,43949;0,67257
0,40841;0,69379
0,16277;0,90829
0,35876;0,81238
0,67914;1,28289
0,67002;-1,24515
0,29201;0,77747
0,37684;0,28732
0,58471;-1,15876
0,22197;2,45016
0,36225;1,23599
0,35732;1,48779
0,80468;0,95421
0,74352;0,72011
-1,8345;1,71975
0,87583;0,17882
0,36399;-1,72392
0,35271;-1,26968
0,85159;0,74225
0,32006;0,75359
0,29025;0,10422
0,1744;-1,26924
0,5118;0,52712
0,82553;2,17623
0,15078;-1,71498
0,74433;-2,3766
0,25354;3,73597
0,82579;-2,94632
0,53067;-1,26449
-1,29052;0,95285
0,48599;-1,14754
0,88185;0,86939
0,78783;0,14063
0,44209;0,88724
1,79306;2,41592
0,92649;1,96194
0,65063;0,88379
0,67558;0,52464
0,74248;0,5177
0,14154;-1,38782
0,81965;0,62792
0,36565;-1,23239
-1,2904;0,73785
-1,99406;-1,17277
-1,30294;0,76052
0,33077;0,32423
0,64172;-1,5035
0,63232;0,19776
0,25871;0,75413
0,42007;0,51933
0,31995;0,47474
-1,12662;0,38305
0,23609;1,32976
-1,11557;0,12556
0,41062;-1,37885
0,61746;0,91977
0,70843;0,64915
0,79643;0,36495
0,80706;-1,1245
0,35357;-2,15404
0,44624;-1,38272
0,73153;1,22697
0,92755;1,65415
0,46411;-1,64765
0,85527;3,58963
0,87226;0,85262
1,15294;-2,56626
0,38607;-1,44461
0,68113;0,96347
0,76004;0,73158
0,9993;1,80836
0,13292;-2,62083
0,28423;2,35997
0,93813;3,12852
0,58319;1,31233
0,25224;0,3341
0,65394;0,20107
0,24173;-1,77433
0,54212;0,29726
-1,13577;0,13101
0,82679;0,44261
0,86901;0,23519
-1,16889;0,8073
1,13303;0,77351
0,22375;0,1031
0,4139;1,51616
-1,72264;2,26051
1,63906;0,12232
-2,93413;0,21791
-1,7477;0,5878
1,78394;0,62471
0,64425;0,43412
0,33629;0,25399
0,77337;0,7499
0,48099;0,23275
0,38456;-1,15832
1,16314;0,30812
0,26359;0,40679
0,122;0,91186
-1,54051;0,75928
0,28851;0,29385
0,21992;1,21645
0,6288;0,13604
0,21256;-2,13132
-1,15351;0,46538
0,61211;0,15067
0,43309;0,4506
0,21305;0,67987
0,10522;1,4471
1,14541;1,12031
0,69075;0,81161
0,52745;0,13706
0,85075;0,48834
0,45599;0,68944
0,22885;0,8349
0,55689;0,51195
0,36849;1,58904
0,68433;0,28497
0,8747;0,92495
0,21249;0,10564
0,37624;0,60582
0,12967;0,48525
1,35343;0,19795
0,54186;0,40512
0,92122;0,12651
1,28977;0,31097
0,60794;-1,23886
1,43701;-1,11577
0,38535;0,77912
0,29443;0,20438
1,33775;1,52777
1,87666;0,61944
0,56227;0,94416
0,31911;-1,39125
0,2591;0,51824
0,43579;-1,39152
0,23678;0,67189
0,20716;0,67155
0,28626;0,83158
0,43308;0,31023
0,92502;0,82107
0,25222;0,9314
0,94121;-1,4756
0,39718;0,47101
0,34939;0,52415
0,76155;-1,94008
0,28877;0,29925
0,74755;0,28171
0,50943;1,24806
0,24668;0,53564
0,90967;0,61143
0,98789;0,11632
0,42631;0,64348
0,57169;0,74827
-1,58356;0,18596
-1,71026;0,43093
0,34627;0,74625
0,17903;0,81811
0,25309;0,71872
0,88537;0,26996
0,92278;1,45798
-1,61495;1,66117
0,39821;0,5804
2,16623;0,40688
0,16602;1,55871
-1,27629;-1,97363
0,31367;0,13558
0,66236;0,86701
0,49696;0,27093
0,59504;0,82196
0,77193;0,42357
0,15703;-1,74813
2,14857;0,53812
0,96628;0,67813
0,63035;0,88704
0,43225;0,30594
0,62026;0,18158
0,52589;-1,9851
0,18112;-1,36966
0,29152;0,98414
0,31869;0,97834
0,34323;-1,91888
0,43779;1,12821
0,27488;0,37315
-1,97589;0,89823
0,74203;0,25548
0,58331;0,99421
1,67086;-1,28838
1,13115;0,39557
0,52387;0,31048
0,16723;1,30411
0,92874;0,25635
0,73092;0,18406
0,62086;0,1962
0,95101;0,3684
1,13;0,65201
1,91953;0,27558
0,21712;0,84925
0,59689;0,48518
-1,21662;0,72374
-1,55442;0,76594
0,67311;0,9486
0,89834;0,14404
-1,84727;1,2423
0,70003;-1,46248
1,16286;-1,68294
0,50506;0,48026
0,55704;1,70473
0,19464;-1,6269
-1,108;0,59765
0,44909;0,53327
0,68694;0,58094
0,36809;0,11075
1,34188;0,21632
0,11784;0,48267
1,25261;0,12091
0,68427;0,18597
0,79753;0,58059
0,72431;0,2199
0,75716;0,38199
0,56426;0,6325
0,58881;0,39902
1,99141;0,85855
0,95538;0,16037
0,14656;0,17398
0,5233;0,63148
0,27871;0,98674
0,38693;0,39378
0,522;1,27685
0,25931;-1,33169
0,6429;1,62304
0,61736;0,49839
0,99837;0,15295
0,81211;0,3748
-1,94915;0,22551
0,31654;0,28429
0,38025;-1,13925
0,42874;0,15849
0,38331;0,12153
0,40235;0,13053
0,56472;0,10111
0,11325;1,5984
0,59809;0,51339
0,84906;1,83346
0,57587;0,29974
0,26734;-1,90331
0,10047;0,68756
-1,67311;0,38533
-1,12241;0,96234
-1,44814;0,87217
0,57856;0,57683
1,36779;0,29579
0,45137;0,22346
-1,21561;0,58197
1,61078;1,35081
1,3392;1,13651
0,64524;0,22996
0,98464;-1,28794
0,10899;0,95739
1,22908;0,50182
0,55375;0,59675
0,38296;0,29842
0,50416;0,32285
0,68416;0,31339
0,97458;0,87529
0,29098;0,76473
0,39464;0,31819
0,19901;-1,92655
0,1547;0,40641
-1,30043;0,17646
0,67726;1,16876
0,79738;0,10559
0,92537;0,38461
0,60834;0,79232
-1,70846;0,43423
0,3841;0,33561
1,84013;0,16317
2,12646;0,7761
-1,32473;-1,11432
0,7296;1,30104
0,43176;0,73854
0,83182;1,95927
-2,18477;0,32942
0,18836;0,43383
0,25718;0,24006
0,15534;0,66118
0,16025;0,62436
0,71949;-1,59999
2,23413;-1,97375
0,72932;0,63342
1,58702;0,59751
0,69933;0,4123
0,40941;0,20591
-1,63205;0,50983
2,65975;0,62163
1,41075;0,25774
0,52;0,39721
0,7968;0,48676
0,53442;0,40259
0,51973;-1,29002
0,8389;2,11267
0,16777;0,89752
0,8559;-1,47514
0,2825;0,53429
-1,71501;0,15214
0,98366;0,34336
1,25878;0,4084
2,18475;-1,24751
2,78415;0,44085
1,42787;0,43918
1,26249;0,91222
1,58657;0,5713
0,29459;0,33125
0,7117;0,15338
-1,1886;0,17553
1,90799;0,54498
0,40855;0,16147
0,72051;0,89615
0,82755;1,23165
0,46576;0,47555
0,2525;-1,23353
0,82445;0,48952
0,35017;0,63349
0,36112;-1,69474
1,11666;0,63009
0,16969;0,56278
0,44048;0,18382
0,55165;0,66407
0,3423;0,13147
0,40075;-1,67993
-1,96885;0,59144
0,65833;0,32815
-1,66343;0,20162
-2,61249;-1,60883
-1,54066;0,90697
0,10504;0,4421
0,97184;1,7775
0,38169;0,96801
-1,49828;0,63575
-1,468;-2,84901
0,1462;-1,22927
0,48346;-1,25745
-1,17815;0,65325
0,42626;0,53272
0,55945;0,53094
-1,93604;0,85656
0,58329;0,67156
0,10042;0,42411
-1,35627;-2,88262
0,60291;0,27387
0,61773;0,50538
0,408;1,29275
-1,4362;0,61028
0,32627;0,93772
0,47556;0,91267
0,32733;0,43213
0,85686;0,92786
0,2983;0,49391
0,15272;0,97798
0,13257;0,19013
0,48649;0,14201
0,48692;0,38524
0,25573;1,26876
0,61315;0,43461
0,54065;0,36145
0,62634;0,58626
0,16446;0,85261
0,18872;0,73582
0,65739;0,34255
0,77146;0,63639
0,57864;0,52109
0,1645;0,65372
0,1538;0,71166
0,99743;0,50899
0,98694;0,95565
0,63976;0,3742
0,54258;-1,41483
0,23485;0,22107
0,4456;0,36348
0,57451;0,34406
0,39867;0,17926
0,79485;1,82548
0,14092;0,44524
0,12835;-1,44042
0,4338;1,43561
0,46466;0,24271
0,92349;0,87189
0,32057;1,27364
0,48759;0,87427
0,12972;0,59526
0,62265;0,27204
0,95129;0,4971
0,9578;0,25851
0,16849;0,59199
0,29752;-1,9398
0,65331;-2,16399
-1,68922;0,79461
1,48142;1,2604
0,71395;0,25134
1,77591;-1,191
-1,21039;0,59639
1,32388;0,4672
0,37607;0,64683
0,67184;1,40208
0,47909;0,15107
-1,14448;0,25606
0,40199;-1,30486
0,35666;0,93307
0,72865;0,89127
0,99273;-1,20872
0,73427;0,57862
0,57244;-1,10408
0,30125;0,80356
0,82755;-1,27488
0,71647;-1,64317
0,33606;0,20852
0,4539;0,72995
0,21964;0,6651
0,29099;0,4487
0,10388;0,40845
1,59167;-1,68355
0,45309;-1,13255
0,26337;1,11462
1,11687;1,69586
0,14367;0,14299
0,23479;0,76238
0,7651;0,94368
0,15497;0,58702
0,55488;0,27346
0,81329;0,40082
-1,1356;0,40061
0,93857;0,67281
0,26491;1,1605
0,59127;1,63591
0,29258;0,89518
0,91723;0,84276
0,73543;1,13065
0,12668;0,61373
0,49005;0,55365
0,56854;0,30005
0,57055;0,13933
-1,52779;0,53856
0,53209;0,86389
0,40707;-1,15514
0,25444;-1,29422
1,59187;0,83909
0,98535;0,55467
-1,77781;0,25203
1,72817;0,31767
-1,35737;0,52626
0,32328;0,8364
0,38166;0,55912
0,29559;0,36542
0,91381;0,56512
0,81122;-1,31829
0,39554;-2,38298
1,40125;0,34798
-1,88641;0,68652
0,51876;1,15347
0,84792;0,54296
0,46774;0,93165
0,11784;0,429
0,23295;0,88351
0,63932;0,485
0,84986;0,38775
0,49936;-2,41825
0,16872;0,61222
0,79579;0,92479
0,76158;0,13207
0,55217;0,3774
-1,19614;0,3496
0,37225;-1,33005
0,26103;0,30456
-1,12431;0,9296
0,65004;1,11321
0,79566;1,18119
-1,35043;0,57254
-1,11693;-1,32086
1,57597;-1,23174
1,55896;2,68429
0,36342;2,13327
-2,40707;0,253
2,62661;-2,3868
0,41206;0,6761
-1,25005;0,16333
0,68955;0,2547
-1,30119;0,57256
0,23547;0,94868
0,86025;0,50517
0,55844;0,89846
0,92617;0,90089
0,33562;0,7102
0,34755;2,25878
0,92011;0,62783
0,63609;0,71929
0,14154;0,61071
0,41266;-1,49874
0,37333;0,39143
-1,1457;0,7846
0,45993;0,6913
0,9754;0,41303
0,57048;0,23635
0,18801;0,18302
0,27159;0,46008
0,93;0,19447
0,64595;-1,30825
0,62953;0,44253
0,79565;0,67728
0,42792;0,24478
0,65055;-1,74359
0,39159;0,24906
0,1629;0,41861
1,21245;0,9334
0,27267;1,84332
0,38963;-3,53172
0,4287;1,28776
0,84343;2,18107
0,98067;1,69555
0,83078;0,92771
0,14184;0,43601
0,32623;0,37638
0,7661;-1,99905
0,23254;0,36537
0,21608;1,49182
-1,27307;0,30167
0,76894;0,9808
-1,16157;1,32958
0,15433;1,21068
0,92278;0,12406
0,35217;0,34088
0,49561;-1,39685
1,11314;0,32037
1,15552;0,17952
0,7063;0,15987
2,33065;0,17
0,2348;0,2055
0,87311;0,73038
1,35393;0,27584
1,25979;0,45045
0,34587;0,818
0,91009;0,14215
0,65136;0,62512
0,74168;0,83118
-1,62823;0,8855
0,63907;0,93182
-1,5191;0,4155
0,9607;0,80706
0,63373;0,97389
0,97353;0,27527
0,89552;0,14465
0,95807;0,66388
0,44034;-1,48951
0,50885;0,35668
1,19751;0,41292
0,43278;1,26864
-1,48382;0,63503
-1,28491;0,31958
-2,51831;-1,59107
2,37114;0,57155
0,21534;0,29816
0,75187;1,41797
0,252;0,75048
2,12904;1,56183
0,51834;2,29587
-1,18258;1,90007
-1,39066;-2,2255
3,93861;0,66382
1,14979;-2,66425
0,71608;0,28048
0,70968;-2,83192
0,10868;1,87105
2,45846;2,69163
0,91367;2,23565
1,99155;1,72761
-1,25179;0,52442
1,38768;0,64543
0,5075;0,29114
0,16011;4,12147
0,71986;0,49404
0,91528;-2,51357
0,86882;0,21239
0,76123;-2,71829
0,20453;0,19219
-1,40515;0,43054
0,92104;1,53969
1,97961;0,93513
0,8378;0,14006
1,39185;0,31704
0,54287;0,3737
3,57867;0,95152
-1,35678;0,85569
3,27619;0,21327
0,19035;0,18215
2,48094;0,22935
3,13287;0,17559
0,20281;0,19678
0,78343;0,213
0,21289;0,33972
0,22123;0,48741
2,50053;1,34503
0,8943;0,62734
0,37871;0,43276
0,50666;0,29058
1,15357;0,75161
2,10544;0,42159
-1,19194;0,77163
0,25391;0,57042
0,27168;0,57235
0,63341;0,75102
0,84758;0,16415
0,30655;0,99069
1,10242;0,32406
0,97279;0,97462
0,4758;0,41833
0,29606;0,3363
0,35522;0,56854
0,19567;0,81989
0,33478;0,67696
0,62714;0,40323
0,99286;-1,66801
0,82167;0,66368
0,43831;0,71497
1,62418;0,27453
0,36682;0,73076
-1,66884;-1,6162
1,83029;0,20273
0,61409;1,97216
1,11871;0,5923
0,2915;0,56238
0,75737;1,20593
0,14316;0,23746
1,60708;1,98002
0,37936;-1,70264
0,41172;1,20659
0,25219;0,45879
-1,78437;0,21969
1,25205;0,73806
-2,94398;0,6409
1,68271;0,24913
1,65449;0,52168
-3,92436;-1,28998
3,66798;0,87242
2,55097;2,63996
0,18241;0,90413
0,44667;-2,52159
0,31687;0,45907
-1,63906;0,2474
1,34307;0,554
0,74273;0,7043
1,9966;0,40142
0,85778;-1,83704
0,26622;0,33551
-2,34752;1,2789
-1,50016;1,59143
1,72466;0,32691
0,57979;0,1811
1,62241;0,22806
0,2994;1,94823
0,8058;-2,27309
0,55479;0,77662
0,55729;0,89131
0,10465;0,67473
0,33411;0,40387
0,12027;0,729
0,78157;-1,75546
0,10844;0,34654
0,54395;0,58846
1,28437;0,70469
0,23615;0,10688
0,61102;0,62355
0,30955;0,89146
0,32478;1,27785
0,96795;-1,12322
1,94895;0,87993
0,20862;0,79781
0,647;0,17866
-1,86087;0,66212
0,86852;0,95669
0,32792;0,67454
0,95589;0,43824
0,27709;-1,45923
0,8147;-1,54387
0,41334;0,66549
-1,86084;0,6112
0,68488;0,96423
0,15246;0,1191
0,9189;0,95266
0,36743;0,34185
0,55723;0,69208
0,37518;0,43316
0,52069;0,27214
0,78722;0,36603
1,101;0,45422
1,12092;0,44462
0,33904;0,14739
0,51441;0,48145
0,75976;0,52693
0,20738;0,71432
0,28436;0,87374
0,34936;1,73899
0,67327;-1,70124
0,24487;0,81978
0,91983;0,66308
0,24577;0,8504
0,26861;-1,34143
1,43783;0,86983
-1,54016;3,5396
0,22866;0,54357
0,28756;-1,31443
0,3766;0,71719
0,28085;0,9396
0,196;-3,59767
0,55322;-1,81539
0,66292;-2,69539
0,37344;-2,1741
0,40186;1,87273
0,48821;-1,37655
-1,31601;0,40471
0,85293;1,63308
0,20069;0,77384
0,57061;-1,74591
-1,48857;-2,15733
-1,75012;-1,76421
0,29023;0,69486
1,45688;0,83768
1,77731;1,26362
0,70606;0,64877
0,54833;0,71761
0,36609;0,23054
-1,83568;0,11181
0,77187;0,10376
0,1941;0,25517
0,34166;0,12683
0,73898;0,74192
0,3636;0,70968
0,41449;0,18976
0,19172;0,28977
0,25495;0,17814
0,45803;0,80831
0,15086;0,10946
0,82682;0,16954
1,27678;0,98662
0,28204;0,92212
0,10958;0,89693
0,98367;1,50284
0,3714;0,59871
0,30219;0,28531
0,19334;0,56433
0,12739;0,30305
-1,28272;1,37745
0,55796;-1,54156
0,53888;0,20046
0,12078;0,21654
-1,64815;-1,51835
1,71734;0,45419
0,47362;0,70058
-1,19235;-1,62276
1,58906;0,70335
1,28444;1,2393
1,6432;0,63302
1,64632;0,88088
0,95605;0,85748
0,87211;0,69913
0,24475;0,75539
0,30824;0,26482
-1,26379;0,97784
0,85195;0,13642
0,13117;0,71148
0,22902;0,93653
0,5017;0,1676
0,19409;0,32609
0,48549;0,74953
0,19893;0,90882
0,10943;0,45871
-1,56745;0,95827
0,82035;-2,83352
2,28531;0,73614
-1,483;0,3662
-2,16836;0,8891
0,80059;0,80296
-1,38119;1,47298
-4,26765;1,68156
0,67677;0,33685
-1,50565;0,98813
0,3177;1,64552
-2,35671;-1,16967
-1,87911;0,40054
0,45431;-1,25969
2,72385;0,3626
0,67966;1,92134
-1,27451;0,45188
2,82145;-1,1788
0,34147;2,50254
-2,49147;0,2043
-1,72342;0,83935
0,19853;0,21697
0,79332;0,65478
-2,45957;0,75502
0,54862;-2,17182
3,69146;-2,43083
0,60439;-1,90593
-3,36011;0,42739
3,53389;-1,44078
1,52242;2,24107
0,75708;1,82829
0,9589;0,70845
2,43895;1,75274
2,39518;0,55709
-1,91712;-1,13342
-2,24079;-2,26027
-3,40127;0,38411
-2,19364;0,83761
1,56789;-1,28067
0,26341;2,16022
1,28485;2,79573
0,13644;0,55857
1,58615;0,35881
0,27766;0,43503
0,5784;0,84409
0,44862;-1,37133
0,17386;0,1853
1,96298;0,13052
0,88982;-1,35189
-2,18571;2,58317
1,99124;-1,89343
1,78702;-1,16887
0,85183;0,33922
2,34034;-1,31721
0,26769;0,24608
0,19047;0,72222
-1,37275;0,66397
0,48925;-2,37973
0,44133;0,10691
0,93577;1,88228
0,29982;0,5469
0,52409;2,90653
0,22073;-3,69579
1,29046;2,91651
1,34216;3,8791
-1,11404;1,71412
0,65593;3,4514
0,60432;0,83228
0,53903;4,76503
1,84893;-2,5302
2,63314;2,94205
2,24333;0,47583
-1,37621;3,21462
0,6729;-1,35
0,25451;3,57165
0,28707;0,64741
0,55833;0,26565
1,64019;2,59277
0,41733;-2,7706
0,6471;-2,75758
1,38085;-1,4526
-1,17452;2,80471
-2,42708;-2,87519
-1,15887;2,81193
-2,64096;0,82844
0,5339;-2,20873
0,27811;-3,84529
1,60472;3,70311
0,59221;0,3653
1,41139;-1,8522
0,67394;-2,77027
0,56523;2,14358
0,40965;-1,67268
-2,12458;3,6679
-1,44635;-3,71047
0,10469;0,42591
1,68775;0,85685
1,53803;0,55821
0,43505;-2,52124
0,51575;1,67024
1,54304;4,56268
-1,78991;-5,30765
-3,72696;5,27805
0,80011;0,99271
-1,15501;1,37626
0,74561;-1,5578
0,43585;-2,72918
0,83145;-2,27231
0,49614;1,88852
0,24549;0,74539
2,40877;-3,13886
0,15423;0,6325
-1,44789;-2,15176
0,77255;0,56592
1,63975;1,3887
0,86527;1,17609
-2,63952;0,39985
-1,80812;-1,3038
0,63761;0,39747
-2,47017;2,25344
3,99589;0,40341
3,82537;1,45132
0,69465;0,78538
-3,61247;0,29321
-2,24436;-1,7957
1,27532;1,13926
-1,12304;3,4886
0,75399;-1,68578
4,74321;2,18108
3,8478;-1,94545
5,97029;0,34704
0,16758;-1,27262
-6,4609;1,77013
6,29387;2,19303
-2,51431;0,86244
4,77755;1,8574
0,45284;-4,93898
0,40437;5,19738
-1,81309;0,50718
0,41799;-2,12308
-3,22822;-1,27775
0,32061;0,43265
-2,42017;0,97844
1,14696;-1,76916
1,40454;-1,55307
-2,84208;1,75372
1,78617;0,40248
-1,92947;-2,86026
3,21184;-1,17253
-1,63776;0,93574
-3,49501;-2,50937
3,33062;1,14993
5,73727;1,94359
0,73537;0,80326
0,48262;0,501
-2,60015;0,78886
-1,97764;0,30198
0,66728;1,12289
1,42269;0,54543
-1,41819;0,18267
-1,67185;-1,12307
0,16343;0,1501
0,12327;0,52621
0,52099;0,37822
0,28474;-1,82334
0,67016;2,73489
0,30858;0,48809
0,54154;2,18268
0,6625;2,94829
0,67456;1,63055
0,12093;-2,68739
0,48177;0,21239
0,23182;0,41496
0,7929;-3,63873
0,58292;0,69949
1,4415;-1,37065
-1,14846;0,6001
0,76632;-1,45115
1,72128;1,49776
-2,72154;0,88947
-1,61257;0,24463
1,19585;1,15688
-1,11519;0,39432
0,94249;0,23101
2,71411;1,2368
-1,73108;0,1748
-2,39999;0,12021
-4,80095;-1,14771
0,91812;0,78133
-2,18361;0,24405
2,81854;0,91161
-2,37842;0,90409
0,63278;0,60308
0,52979;-2,40013
0,12799;0,33018
-1,1462;1,78627
1,18799;0,18706
1,27144;0,21064
0,73251;3,43355
-1,78126;3,26223
2,14262;-2,19018
0,9757;2,23864
1,34031;-3,72654
-1,20184;2,95752
1,90886;0,14362
0,43604;-1,12932
0,75094;-2,88134
0,73055;0,27016
0,56542;1,32381
0,4264;-1,11097
0,88768;-1,64344
0,87731;0,8367
1,52181;0,52625
-1,18451;-2,32065
0,74039;0,63264
-1,54916;0,23782
0,91361;0,59633
0,53166;-1,49032
1,48628;-1,90468
1,49965;0,59271
0,13965;0,10739
1,87594;0,82592
-2,40967;-1,13454
-1,57605;0,42662
-1,26306;0,21535
-1,34963;0,12273
1,66129;0,43424
-1,22606;0,36695
0,30486;-1,94526
0,46103;0,49266
0,24088;-3,10523
0,78819;1,88725
-1,39835;2,17761
0,56489;1,82659
0,32332;1,3826
-1,56263;1,27837
-3,26851;0,26515
2,19506;2,15546
0,15988;-1,87751
2,2104;0,14314
-2,21772;2,61295
2,92585;1,86505
2,79703;-2,13106
1,24668;0,45308
0,40565;0,3454
0,60803;0,21479
-1,11081;2,19961
1,16121;0,20546
1,63129;1,88616
1,84468;0,12362
-5,11464;1,99918
3,96968;0,31902
-1,87135;0,23967
0,62515;-2,40314
-4,62631;0,82137
0,7987;1,22127
-2,61314;0,49276
0,87477;0,17959
1,2164;0,83247
0,39035;0,88708
-1,59506;2,29232
0,85458;1,80275
0,267;0,82342
0,17745;0,77242
2,15599;0,21397
0,15598;0,18567
-2,42186;1,45533
-1,27221;1,64407
0,44199;0,86546
1,26294;1,94611
0,63333;-2,30389
0,20133;3,47831
0,52383;-1,3557
0,8414;0,35117
0,29997;0,55046
-1,37794;-1,28737
0,12051;0,97681
0,63942;2,6134
0,22091;0,13342
0,51877;1,55084
0,36289;-1,36948
0,54416;1,85072
0,54523;0,48769
1,2017;0,23813
0,91776;0,65825
-1,11622;0,46522
0,6048;-1,49325
-1,21798;-2,33157
-1,86694;1,77556
0,41069;0,16236
-2,62667;-2,14979
-1,25824;-1,67412
-2,31189;1,45505
-2,88766;1,4879
0,24855;0,19582
1,39298;0,27023
-2,70855;1,90636
0,25498;0,93271
0,96579;0,33792
0,68987;-3,78093
1,30209;0,83901
1,34381;1,91544
0,35258;1,5677
0,51071;0,83561
0,85898;-1,4811
0,75301;0,6223
2,85239;2,66947
0,8881;-1,27746
0,95867;0,97559
0,89741;-1,3128
-1,55072;0,50803
-1,91417;2,82531
-1,35139;-2,36525
1,62138;0,15573
0,35942;2,31352
0,39594;-2,33334
1,54311;0,63558
1,13459;-1,77617
0,86017;1,62161
1,40768;0,69931
0,99916;-2,93199
0,98055;3,20725
0,38596;0,44774
1,52618;0,70418
1,80112;3,58776
-2,78288;-5,55084
0,71721;-5,94195
0,9075;-4,2186
3,20238;-4,13618
0,69969;2,60985
-2,97283;0,3202
0,51898;0,67025
-1,21591;1,35991
-1,4724;0,32085
0,14053;-1,52379
1,90027;0,26828
2,70637;0,34356
0,96719;0,30901
0,47342;-2,25691
0,64769;0,90552
0,71835;-1,98451
0,81989;0,20221
2,70092;0,10378
4,1912;1,17654
0,98549;0,12044
3,47391;2,15504
1,75384;-1,37732
3,61002;-1,32489
0,86829;0,96032
0,92071;0,2388
0,51803;0,22056
2,13628;-1,33006
3,10017;2,26095
-2,57275;0,38492
2,6639;2,43058
0,35249;-1,30188
0,70905;0,18344
0,17666;0,97424
-1,75031;-1,26121
0,47603;2,58982
-1,88116;2,55854
0,19987;-2,87654
0,7477;1,10692
-1,3184;-2,26709
1,99185;-2,74623
-1,65274;0,43321
-1,2662;0,66859
0,3345;0,59232
0,25398;0,2384
-1,31664;-2,28541
0,47338;0,5776
0,26041;0,33492
0,64343;0,20299
-1,15064;-1,25001
0,80478;0,55224
0,53965;0,24044
0,15274;0,75394
0,51266;0,82149
0,92846;-1,52693
2,88693;0,56241
2,28626;0,65831
-1,88114;0,15291
1,62091;0,6493
2,21622;0,67821
2,75683;-1,16769
1,71269;0,29864
0,61565;0,57666
0,94309;0,84667
-3,51728;1,14438
-2,74887;-2,58581
-1,29916;1,186
1,68034;1,31955
1,37702;1,11249
0,63601;-1,16419
-3,13915;0,54834
0,14933;0,95829
0,31094;3,63091
0,94973;-2,47896
2,25706;-2,60038
0,70601;-1,37629
0,87215;1,55786
0,78153;0,17149
0,7057;-1,38781
-2,82815;4,15811
1,40898;-1,33883
-2,41385;1,305
0,91439;-2,68573
1,91281;5,30243
-1,448;5,90469
0,94828;-3,11316
0,39802;2,62081
-1,2561;-4,87224
-2,77477;-3,4264
0,66686;6,89902
0,39258;0,34702
0,31915;-1,32218
-2,34582;0,99123
2,84305;0,18963
-2,85674;0,12416
0,67722;-1,23457
3,17119;2,18507
0,14428;0,31844
0,39498;2,76187
1,1408;-1,40012
-1,17952;1,13769
-1,28288;-2,18955
1,59262;-4,91259
0,48355;-1,26435
0,49323;-1,6946
0,42808;0,42779
0,51152;0,33655
0,63431;0,49277
0,49107;0,99231
0,43987;0,18327
0,58368;0,49408
1,40032;0,61553
-1,58849;0,76633
0,87559;0,28579
-1,22385;1,18539
1,12668;1,27822
-1,34464;0,24164
0,36271;0,58545
0,6054;0,66584
0,27336;1,27028
0,81159;0,95875
-1,4857;0,79053
1,74699;1,92118
2,6163;0,9091
2,24474;0,196
0,31389;0,17479
3,35433;0,32289
-1,19994;-1,62693
0,69112;0,78978
2,96727;-1,90089
0,90382;0,27535
0,43237;0,7586
0,79623;0,81155
-1,23271;-1,20944
0,23268;-1,68515
0,70431;-2,20416
2,32167;1,96076
0,95486;0,69699
0,17395;0,98389
0,13017;0,34988
0,33205;-1,22101
0,31795;0,96911
1,30321;2,68058
0,19479;0,40167
-1,34922;-2,22175
0,81016;2,11992
0,68699;0,7275
0,16521;0,94075
0,34111;1,10263
1,74033;-2,77034
1,42521;0,15806
0,41526;0,68126
1,62166;-2,82709
-1,40902;-2,57241
0,34599;1,48885
2,22198;1,69812
0,69059;1,89699
0,92297;0,31029
0,45648;0,54702
1,6506;0,95152
0,83676;0,84621
-2,25856;0,33488
2,78406;0,9532
0,51488;1,52752
0,15081;-2,44035
0,48797;0,51994
-1,12645;0,59015
1,34798;0,99045
0,27151;-1,73776
0,4238;1,12175
-2,74176;0,23351
1,69823;0,66556
0,60875;0,15214
1,7448;-2,20309
0,14145;0,46073
0,27093;4,10285
0,93301;0,5638
-1,82231;1,7171
0,82398;-4,22223
0,46232;1,61453
-1,43107;0,84275
0,92891;-1,25178
0,49602;1,15742
0,10525;2,42786
0,95077;1,95118
0,27931;-1,77828
1,71069;0,45916
-2,39564;-1,12622
1,2848;1,62065
0,23607;0,40618
0,59052;0,24829
0,38006;1,19004
1,1188;0,19979
0,25284;0,28601
-1,30452;-1,25535
0,67607;-2,46486
0,39283;-1,16041
0,26573;0,22228
0,94568;0,95439
0,46426;1,41216
0,99921;-2,68662
0,99447;-2,16202
0,59492;2,17057
0,23979;1,38524
0,18672;2,94322
0,3149;0,84284
0,57492;-1,91777
0,56774;1,58542
0,23929;0,67359
1,24107;0,42746
1,35512;0,53727
1,95321;0,31106
-1,82413;0,51816
1,45781;-1,82041
0,48873;0,85238
0,83263;-2,50646
1,36166;1,40487
-2,31287;1,72317
-3,22281;3,70396
3,36332;0,46659
-4,66275;-2,68291
2,94475;0,70018
0,33055;0,55825
0,24203;1,79435
4,18342;-3,16486
1,3518;1,69043
-4,72439;0,60935
-1,67122;-3,70549
0,84001;2,35694
-3,39191;0,21925
-1,71038;1,68035
-2,68825;0,20306
0,29596;2,33228
-1,31526;0,22631
1,23135;0,71681
-1,30322;0,78342
0,65287;0,75038
1,83644;-1,28996
-1,44861;0,68492
1,38152;0,17166
0,41027;1,34947
2,28057;0,90283
-2,13768;-2,73396
0,79378;-2,75234
1,34231;3,18734
-2,60693;-1,22788
0,27088;0,85294
0,31476;-1,96079
1,53797;3,64986
1,97311;3,54057
0,39296;-1,61978
0,64315;1,45725
0,59934;1,37953
0,91428;0,65824
0,63195;0,33694
0,51738;-2,3095
0,50476;-2,53644
2,23163;0,32877
0,55786;0,69048
0,59247;0,8433
-1,92994;0,3477
2,33322;0,12277
0,13616;-1,22106
1,28112;1,32006
0,77146;0,87484
1,26418;0,9455
0,79665;1,38157
-1,86964;0,15123
0,11467;0,75129
1,15318;0,89001
0,14735;1,9607
0,87579;3,3684
2,27716;1,93389
0,91126;-1,22975
0,31482;0,84473
-1,39791;-2,17256
0,80069;-3,65887
-1,85124;-1,38006
2,39594;2,56139
-2,42787;-1,61036
0,61937;-2,58879
0,86573;0,48386
0,86237;0,28783
1,61254;1,17659
-3,39483;-1,11202
3,67987;-2,80461
1,8062;-3,67625
1,33983;-1,63301
-2,22344;0,4286
1,66107;0,76648
-3,35355;-1,8287
-2,44464;0,21055
1,2566;2,53707
1,95511;-1,75212
0,21383;0,16488
3,20075;-2,14818
-1,10001;3,76584
1,22272;0,94913
-2,76074;0,65706
0,77943;0,42003
0,91934;-1,12211
1,73299;1,2774
-1,85748;0,77049
1,56931;-2,60692
0,22896;0,29819
0,67415;0,87796
0,45437;1,2265
-2,81294;1,87256
1,29697;1,52142
1,47603;1,35142
0,44886;0,90313
0,54893;0,41973
-3,26524;-1,14544
-2,68139;0,55547
1,19582;1,95636
-2,78051;1,97346
1,53288;-1,71515
0,69976;0,18159
0,59013;0,10698
1,98907;1,89304
1,33061;0,45738
1,56394;0,58801
0,79526;0,13383
0,78479;1,19829
0,20097;0,78719
-3,21683;0,51347
1,47345;0,39372
3,41994;-1,1805
0,64881;0,15657
0,228;0,51222
0,17727;-1,96357
1,24397;1,91437
-2,68094;1,22601
1,4378;-1,1166
0,93147;1,94904
0,46868;6,27528
1,78498;3,23297
2,61853;1,77102
-2,61793;0,95083
1,5557;-2,14926
0,32474;-4,82296
0,61693;1,93817
0,58825;1,18007
2,89641;2,16308
2,68033;1,59525
-2,73179;2,44594
-1,91125;3,99178
0,32575;-1,76273
0,22696;1,24529
0,3789;2,39899
0,12735;2,82465
0,59623;1,53477
-1,94585;-2,43471
1,3117;2,81376
-2,88402;4,4099
0,6047;-1,48904
-1,33247;-4,63407
0,94783;-8,2841
1,22357;0,14993
-1,33775;0,22952
-1,2395;1,60943
1,48905;2,61313
-2,25116;6,37199
-4,30633;-3,84579
1,69091;3,77815
0,83549;1,94131
-1,71068;-2,3281
3,35278;0,89327
0,28932;-1,30552
-1,139;1,49394
-5,59899;0,31605
0,81478;-1,65172
-1,18486;-2,19753
1,42868;0,48873
0,48807;1,67371
-3,17546;1,85526
0,12477;1,19374
-2,86736;0,71378
0,49395;1,61023
-1,46444;1,22375
0,79208;0,50617
0,90485;0,18461
1,96089;0,32205
2,14262;-1,8253
0,72949;1,40134
-2,27208;1,76055
0,2423;2,29929
0,72172;0,50585
1,67879;1,1555
0,25218;0,14728
-1,99158;1,26895
-2,87463;0,61347
4,52172;1,928
3,41765;0,36087
-1,14593;0,13868
-4,18245;0,79901
4,27635;-1,98146
2,18893;0,97484
1,8123;-2,38221
-3,98796;0,31029
-2,61098;-1,30273
-1,15598;1,81529
-7,26664;1,3268
2,65443;0,578
0,46794;-1,46956
2,63884;0,83766
1,36256;0,3565
0,43749;-1,15729
0,88479;-2,11213
0,94736;0,85215
0,76203;1,39415
2,6426;0,11028
2,76866;0,76526
0,39898;1,46839
0,20422;3,26449
0,20784;-2,41578
0,50485;-1,55169
0,48562;0,49029
0,13973;0,11447
0,44504;-1,13911
-1,31754;0,12061
0,7065;1,25836
1,62876;0,41975
1,27812;0,24459
-2,23098;-2,35745
0,45271;2,71462
2,58118;0,89547
0,22233;2,60645
1,84279;1,46669
3,83827;-3,37925
-2,14931;0,56819
4,74897;0,39253
3,1136;-1,84838
0,82207;-2,44759
0,72059;0,58277
3,21158;0,44764
0,3363;-1,88269
-2,7336;0,77614
0,66251;0,67216
0,34613;1,27365
0,48827;-1,5207
-1,1607;-1,51851
0,17004;1,885
1,42063;-1,56657
2,14334;0,80545
2,25051;0,50758
-2,95195;0,38197
-3,30496;-2,51708
-1,91421;0,1882
1,12752;0,53816
-2,47716;0,43791
0,3442;0,30083
-4,37364;0,49549
3,77971;0,11144
5,3793;0,38552
0,17899;0,72241
0,17308;0,91718
-4,22942;2,48691
-2,77213;3,31257
2,37299;-1,51088
-1,13792;0,10027
2,81078;-1,78989
0,91706;-1,45026
-2,79472;0,79884
-1,65356;1,37123
-2,5655;1,56145
-1,48498;-1,12508
-2,24253;1,3259
-1,73548;1,18952
0,1574;0,92177
-1,211;0,63103
0,33777;0,91832
1,35365;-1,64982
0,89392;0,45959
-2,91582;-1,12205
0,3485;0,83809
-1,18259;0,29013
0,6871;-1,72898
0,6131;0,90156
1,31889;0,99292
0,89639;-1,40075
2,42125;-1,14664
0,63771;0,49997
-2,41623;1,77317
0,37683;-1,3658
0,41155;0,18261
0,62936;0,43106
0,33098;0,57128
0,77325;0,27466
1,3521;0,44113
1,57461;0,90088
-3,37483;-2,12345
2,3581;0,81007
-2,11356;0,57321
-1,4203;0,80719
0,58998;0,54737
-1,31263;-1,88219
0,16089;-1,86764
-1,33238;-1,61185
2,12384;-1,81724
3,38095;0,63591
-1,25718;0,7384
3,63009;0,81049
0,95313;-2,1077
-4,10748;0,70672
0,83174;0,56869
0,21281;0,15978
0,85999;0,97381
-1,3637;0,3363
0,7052;0,39666
0,15746;0,68974
0,62902;0,88951
0,50793;-1,222
0,30704;-1,31224
0,17033;0,22624
0,78863;0,54988
-1,46665;0,20018
0,75252;0,59729
2,62044;0,47717
1,10803;0,32982
-1,19262;-1,99917
-1,11611;1,88166
0,74299;2,78903
-3,23433;-1,59212
1,47503;-3,64735
1,72996;2,25839
1,24437;-3,78668
0,6337;0,1486
-3,25803;3,17666
0,99754;-2,91205
4,5674;0,59419
0,41955;-1,50326
0,51306;1,39716
1,34135;0,21362
-3,15666;1,80089
-4,15515;-1,27433
0,9403;-1,7729
2,41981;-1,12602
3,76267;0,66193
1,79731;-1,48949
0,69497;0,94334
-3,82097;0,40964
-1,32297;0,4154
0,13409;0,48257
-1,56144;0,59878
2,99448;0,55156
-1,1327;0,9371
-2,44623;0,19199
1,12179;1,65435
0,20581;0,16095
0,12093;0,31657
0,8617;0,90073
0,94503;1,24216
0,7244;0,94803
0,71762;1,69965
0,32463;1,33857
2,35547;0,1476
1,27411;0,40541
-1,42633;2,22383
0,79095;1,10261
1,2236;0,13758
0,86537;0,94229
-1,38763;0,64868
1,28502;0,65284
-3,16143;0,40282
0,34608;0,6034
-2,15327;0,92643
0,37748;-1,59356
1,7717;-1,25432
-2,71049;-1,38058
0,48012;2,28089
0,64418;0,14503
0,14555;0,67138
0,47978;-2,10416
0,99771;2,70501
-1,3812;0,43233
1,4617;0,9045
1,79503;0,98135
0,54776;0,64607
0,37811;-2,57567
0,32198;2,1366
0,48262;0,99786
0,59784;0,72285
0,16971;0,63619
0,91316;1,84271
0,8487;0,87553
0,22844;0,84131
-1,27662;0,20134
0,9699;0,4372
0,30558;-1,21707
-1,94036;0,51682
2,38547;0,77874
0,34402;-2,17958
0,28595;0,28528
-1,36468;-1,19462
-1,98078;0,23659
-1,11027;-1,4973
-1,26979;1,20704
2,43724;-4,42149
-2,94483;-2,49406
0,21644;0,74554
1,97082;0,37381
0,56584;2,77493
1,15596;2,1643
0,85505;0,12943
0,8597;3,7813
-2,39801;-4,20294
0,7116;-4,12791
2,49394;0,97166
0,77828;-2,93352
0,57304;0,81389
0,51368;-4,2878
-1,10128;1,63055
1,45766;0,75427
0,99146;2,85571
0,40299;2,81944
0,4578;2,2571
1,63883;1,76773
1,44711;1,28994
-1,51538;1,47532
0,36145;3,26344
0,12329;-2,22162
0,39215;0,75507
0,47077;-4,83004
-1,39525;1,93026
0,45212;3,80599
0,49073;5,27654
-1,36964;3,68749
-2,10004;-6,18717
-2,89641;0,96479
0,302;0,98875
1,57447;-3,2205
1,29689;-3,74508
0,6537;0,60523
0,66744;-5,20098
-1,47186;2,20994
0,6376;-5,73778
0,10875;0,22129
-1,20553;-4,69308
2,72818;0,61645
-1,61888;-1,29429
0,62278;0,79407
0,67392;0,17228
0,80121;0,26442
0,863;0,67506
1,93519;0,98888
0,45827;0,39843
0,14544;1,2862
0,79262;0,86286
0,30777;0,49625
1,14053;1,48888
0,75976;0,46007
0,41614;0,42157
1,42592;0,72044
0,51258;0,58743
0,26526;0,6459
0,92991;1,84735
0,26125;0,31606
0,15881;-2,98315
1,47802;0,87092
2,25079;1,58368
1,10526;-1,53871
-1,34486;0,27648
0,95072;0,25032
0,23843;-1,49243
1,77328;1,23823
-1,17793;0,51087
0,48411;1,73403
-1,36223;-2,19156
0,88319;0,45024
1,57935;2,74618
0,43186;4,99736
2,10551;0,69564
-1,90344;0,31707
-1,36081;-2,82201
0,83956;-1,33345
0,91655;-1,60842
;0,30382
;0,4686
;1,90474
;0,87583
;-1,71031
;0,19819
;0,5858
;0,89963
;0,63663
;0,14249
;0,92484
;0,11552
;0,35313
;-1,69408
;1,14777
;1,50941
;0,13196
;0,44509
;0,2146
;0,47071
;0,6169
;0,67889
;0,4279
;0,26575
;0,57315
;0,14622
;0,30947
;1,24131
;0,49951
;0,64332
;1,28153
;0,47324
;0,2824
;0,97873
;0,95306
;0,71834
;0,59981
;0,63621
;0,28589
;1,32452
;0,64511
;0,18718
;0,3497
;0,20168
;0,1162
;0,7032
;0,13074
;0,7367
;0,98371
;0,25698
;0,52639
;0,7762
;0,53592
;0,6831
;0,16428
;0,104
;0,19255
;0,26382
;0,42016
;0,48509
;1,38873
;0,36423
;0,44849
;0,6278
;0,79538
;0,12106
;-1,5366
;0,18184
;0,48132
;0,37663
;0,58406
;0,31374
;0,52012
;0,77521
;0,23723
;0,42507
;0,33618
;0,54238
;0,8409
;1,37576
;0,1069
;0,1735
;0,81285
;0,89775
;1,32319
;-1,8103
;0,36067
;0,92672
;0,12961
;0,17232
;0,85972
;0,12658
;0,45988
;0,76938
;0,94793
;0,23394
;0,73331
;0,12919
;-1,55911
;0,4129
;0,93789
;-1,10135
;0,32476
;0,60785
;0,66597
;0,72184
;0,9935
;-1,50689
;0,53376
;0,78824
;0,57091
;0,32952
;0,21735
;0,51024
;0,66991
;0,3647
;0,35228
;0,46689
;0,8968
;0,62761
;0,67759
;0,26098
;0,1772
;0,90507
;0,75326
;0,62282
;0,5017
;0,77435
;0,49885
;0,14196
;0,29561
;0,56301
;0,30884
;1,7457
;-1,17731
;0,85554
;0,46269
;0,69893
;0,16874
;0,27993
;0,85671
;0,71215
;0,73284
;0,86026
;0,48366
;0,21778
;0,21138
;0,9139
;0,64602
;0,92939
;0,70152
;0,64246
;0,37228
;0,22586
;0,46073
;0,38372
;0,7788
;0,29655
;0,50466
;0,82989
;0,98126
;0,12166
;0,9074
;0,42471
;0,48842
;0,49503
;0,74248
;0,60478
;0,65969
;1,50602
;0,34835
;0,67096
;0,18442
;0,79314
;0,93772
;0,75503
;0,97374
;0,37848
;0,40865
;0,88247
;0,68346
;0,60927
;0,75808
;0,52847
;0,75532
;0,15652
;0,77459
;0,3279
;0,24364
;0,65707
;0,59949
;0,27002
;0,24096
;0,79599
;0,62559
;0,13123
;0,33189
;0,98549
;0,56564
;0,87387
;0,47417
;1,55223
;0,58609
;0,14514
;0,54229
;0,82055
;0,24994
;1,46348
;0,91706
;0,83496
;0,83907
;0,29825
;0,25369
;0,2059
;-1,40664
;0,11572
;0,37899
;0,39757
;0,11516
;0,48643
;1,11155
;0,20937
;0,16402
;0,15378
;0,70178
;-1,45277
;1,16367
;0,94787
;0,64896
;0,95622
;0,58356
;0,3814
;0,528
;0,53928
;0,69909
;0,33864
;0,29906
;1,6338
;0,30664
;0,1381
;0,16105
;0,5357
;0,83275
;0,38886
;0,44535
;0,17054
;0,10014
;0,30048
;0,9603
;0,19922
;0,1441
;0,38194
;0,4449
;0,17636
;0,48556
;0,63151
;0,21953
;0,39774
;0,27582
;0,62551
;0,22716
;0,42791
;0,60414
;0,22
;0,22378
;0,83259
;0,21352
;0,79407
;0,50942
;-1,39389
;0,18131
;-1,71393
;0,43605
;0,48281
;0,30815
;0,66846
;0,89083
;0,173
;0,20009
;0,47699
;0,64374
;0,92041
;0,73161
;0,10431
;0,4807
;0,4778
;0,9687
;1,24884
;1,23041
;0,37272
;1,15012
;1,18032
;0,96303
;-1,4298
;0,6195
;0,3623
;1,73712
;-1,3493
;0,78033
;0,86537
;0,86709
;-1,382
;0,58648
;0,15099
;1,86684
;0,72684
;0,25001
;0,15544
;0,65495
;1,15516
;-1,25
;0,71595
;0,61902
;0,64697
;0,21361
;0,54379
;0,18886
;0,23373
;0,45896
;0,13673
;0,57594
;0,27905
;0,64333
;0,51518
;0,46261
;0,29815
;0,577
;0,17601
;1,10612
;-1,566
;0,48532
;0,67242
;0,15915
;0,18598
;0,83162
;0,36668
;0,1906
;0,25922
;0,28355
;0,4049
;1,13518
;0,2662
;0,21704
;0,20047
;-1,35734
;0,47415
;0,1888
;0,1847
;0,48642
;0,17983
;0,17289
;0,53512
;0,29154
;0,62822
;0,44847
;0,74521
;0,51606
;0,69587
;0,58418
;0,71112
;0,65859
;0,75056
;0,29551
;0,11952
;0,3886
;0,18445
;0,32603
;0,27808
;0,85925
;0,55257
;0,64428
;0,18606
;0,36492
;0,11591
;0,71934
;0,27748
;0,24527
;0,34372
;0,46089
;0,16767
;0,56677
;0,14407
;0,10982
;0,86443
;0,147
;0,14429
;0,94225
;0,94635
;0,72629
;0,22187
;1,181
;1,70694
;0,94885
;0,90494
;0,73888
;0,55002
;0,97359
;0,55059
;0,12488
;0,14273
;1,19369
;0,32256
;0,25722
;0,65216
;0,30824
;0,27068
;1,62172
;0,31177
;0,16522
;0,57639
;0,67355
;0,23596
;0,21417
;0,2522
;0,69821
;0,81773
;-1,23427
;0,78299
;1,29847
;0,39322
;1,69349
;-1,24077
;0,27019
;0,6324
;0,15376
;0,31344
;0,13271
;0,27267
;0,23344
;0,66787
;0,45645
;0,93162
;0,93181
;0,70684
;0,58286
;0,35602
;-1,23496
;0,41943
;0,70024
;0,34372
;0,39122
;0,50287
;0,49344
;0,18274
;0,94728
;0,95043
;0,97236
;0,90109
;0,47632
;0,20089
;0,15651
;0,50878
;0,41959
;1,74116
;0,28973
;0,88776
;0,38077
;0,27925
;0,45155
;-1,45525
;0,29046
;0,3278
;-1,4749
;0,26242
;1,95101
;0,68885
;0,74293
;0,13959
;0,75232
;0,85613
;0,35451
;0,49754
;0,80749
;0,19428
;0,37742
;0,66979
;0,31141
;0,89068
;-1,93987
;0,24024
;0,40369
;0,35775
;0,25627
;-1,52327
;0,83082
;1,23091
;0,94975
;0,5706
;0,89458
;0,51138
;0,27007
;0,64862
;0,61901
;0,66745
;-1,15519
;0,56541
;-1,23455
;0,4864
;0,89838
;0,66517
;0,86779
;0,22138
;-1,26923
;0,13536
;0,17395
;-1,29622
;0,41653
;0,13876
;0,19948
;0,5658
;0,74392
;0,6216
;0,8691
;0,29887
;0,25785
;0,29773
;0,13846
;0,11319
;0,74614
;0,46534
;0,79322
;-1,32602
;0,51954
;0,56523
;0,61703
;0,39478
;0,50341
;0,70897
;0,449
;0,40094
;0,71336
;0,46645
;0,48367
;1,16838
;0,16503
;0,66793
;0,42129
;0,36089
;0,17584
;1,11417
;0,10066
;0,91263
;0,35338
;0,49857
;0,26992
;1,26718
;0,40925
;0,47249
;0,74978
;0,32894
;1,16477
;-1,5102
;0,51987
;0,7272
;0,48302
;0,46563
;0,79436
;-1,41143
;0,25658
;0,45798
;0,3396
;0,91047
;0,64804
;0,40316
;-1,81942
;0,94484
;1,4268
;0,1462
;-1,29612
;0,51836
;-1,2854
;0,12493
;0,77767
;0,75257
;0,67771
;0,55255
;0,13087
;0,11415
;0,86891
;-1,76706
;0,96281
;0,55986
;0,58105
;0,69241
;0,17594
;0,57726
;0,30294
;0,33312
;0,82471
;0,39013
;1,61292
;-1,16879
;0,79629
;0,50615
;0,13368
;0,70747
;0,84552
;0,3022
;0,36238
;0,58463
;0,33489
;0,30399
;0,21477
;0,61931
;0,53683
;0,67784
;0,59105
;1,39085
;0,85956
;0,55942
;0,46236
;0,47204
;0,40124
;0,94869
;0,49541
;0,95858
;0,99322
;-1,23159
;1,53259
;0,35471
;0,94433
;0,32782
;0,45978
;0,20163
;0,82256
;0,42339
;0,25528
;0,66067
;0,85256
;0,60596
;-1,20019
;-1,76735
;1,80552
;0,26384
;0,16308
;-1,17152
;-1,46097
;2,30781
;0,66396
;0,29195
;0,4793
;-1,13184
;0,46321
;0,11273
;0,75955
;0,94639
;0,29577
;0,49028
;0,64304
;0,6267
;1,14617
;0,38415
;0,3374
;0,27491
;0,3868
;0,12393
;0,78408
;0,24217
;0,57449
;0,49919
;0,70425
;0,26283
;0,27375
;0,12116
;0,16817
;0,81077
;1,1924
;0,62548
;0,23718
;0,26226
;0,86628
;0,36659
;0,38916
;0,41589
;0,47091
;0,19468
;1,12041
;0,6274
;0,35891
;0,52355
;0,82006
;1,1495
;0,85749
;0,12583
;0,24527
;0,74225
;0,11384
;0,63712
;0,52358
;0,69073
;0,15933
;0,35664
;0,28424
;0,24775
;0,36158
;0,22832
;0,21615
;0,31176
;0,5557
;0,33922
;0,14953
;0,77076
;0,19995
;0,25576
;0,94586
;0,36213
;0,22944
;0,69315
;0,28732
;0,27893
;0,79518
;1,48928
;0,78713
;0,15641
;0,20541
;0,42362
;0,246
;0,82175
;0,49074
;0,58177
;0,70431
;0,31146
;0,5334
;0,32352
;0,81317
;0,12491
;0,48172
;-1,55822
;0,28394
;0,86084
;0,72358
;0,46876
;0,79945
;0,82563
;0,60533
;0,27432
;0,77402
;0,31312
;0,84324
;0,4012
;0,87131
;0,7066
;0,1575
;0,68432
;1,28337
;0,87726
;0,26292
;0,69852
;0,51869
;0,43441
;0,10296
;0,77412
;0,17416
;0,9524
;0,15775
;0,6299
;0,3474
;1,2108
;1,28038
;-1,26908
;0,86432
;0,49875
;0,82694
;0,5226
;0,62914
;1,4912
;-1,29595
;0,33775
;0,83574
;1,37892
;-1,16636
;0,19185
;0,27091
;-1,74567
;2,78857
;1,66981
;-1,99023
;1,74466
;-3,3614
;1,62211
;-3,19784
;1,166
;-3,29929
;1,34422
;2,26556
;2,84448
;0,97733
;0,59363
;0,68576
;1,20835
;0,19876
;0,38871
;0,43422
;0,99571
;0,51386
;0,98637
;0,25678
;0,13253
;0,36993
;0,14962
;0,4871
;1,53379
;0,74716
;-1,96708
;0,67422
;0,46068
;0,42451
;0,36357
;0,28177
;0,47682
;0,7723
;0,39649
;0,7088
;0,22242
;0,48368
;0,32712
;0,74492
;0,59368
;0,48084
;0,96635
;0,24784
;0,41534
;0,77793
;0,24304
;0,72385
;-1,2687
;0,90853
;0,42397
;0,10302
;0,24788
;0,10197
;0,5246
;0,69498
;0,98596
;0,49299
;0,78096
;0,3327
;0,72489
;0,62983
;0,33177
;0,44854
;1,24505
;0,23249
;1,41444
;0,34357
;-1,28761
;1,19954
;0,82598
;0,633
;0,53516
;0,73326
;0,75165
;0,17292
;0,82031
;0,10168
;0,69004
;0,25676
;0,80769
;0,71329
;0,13728
;0,30767
;0,86865
;0,17156
;0,29747
;0,61518
;0,37753
;0,31451
;0,56062
;0,16019
;0,25414
;1,13927
;0,38253
;1,22326
;0,84034
;0,37885
;0,10555
;0,30879
;2,2015
;0,83571
;2,20253
;0,23349
;0,15443
;0,10192
;0,41588
;0,11294
;0,23519
;0,61291
;0,72039
;0,6725
;0,52161
;0,33438
;0,54417
;-1,20351
;0,36686
;0,16624
;0,24979
;0,26756
;0,37926
;0,8199
;1,19885
;0,68454
;0,41641
;-1,5239
;1,22955
;0,17227
;0,89463
;0,1229
;0,3144
;0,23786
;0,29244
;0,20544
;0,69469
;0,35502
;1,22993
;0,20149
;0,31061
;0,27964
;0,32776
;0,27555
;0,76809
;0,20997
;-1,59796
;0,98775
;0,57053
;0,64695
;0,95837
;0,7608
;0,89724
;0,61517
;0,41042
;0,60756
;0,97955
;0,53082
;0,22283
;0,67301
;0,15514
;0,24605
;0,10815
;0,61596
;0,50227
;0,22222
;0,63943
;0,61494
;0,6086
;0,11373
;0,315
;0,43105
;0,23602
;0,35189
;0,37371
;0,15942
;0,14137
;0,34934
;0,21131
;0,34605
;0,27619
;0,31064
;0,11265
;-1,18212
;0,23823
;0,10405
;0,15785
;0,33001
;0,72339
;0,96485
;1,4265
;0,48159
;0,49338
;0,47545
;0,21207
;0,44529
;0,58643
;0,77194
;0,25533
;0,97386
;0,97236
;0,45933
;0,58278
;0,38877
;0,70993
;0,30943
;0,55061
;0,36539
;0,38182
;0,82463
;0,15961
;0,46632
;0,93053
;-1,29363
;0,56853
;0,23404
;0,47835
;0,2228
;0,8256
;0,73982
;0,31763
;1,66134
;0,11612
;0,22319
;0,38993
