<TICKER>,<PER>,<DATE>,<TIME>,<CLOSE>
US1.JPM,D,20100104,000000,42.8500000
US1.JPM,D,20100105,000000,43.6800000
US1.JPM,D,20100106,000000,43.9200000
US1.JPM,D,20100107,000000,44.7900000
US1.JPM,D,20100108,000000,44.6800000
US1.JPM,D,20100111,000000,44.5300000
US1.JPM,D,20100112,000000,43.4900000
US1.JPM,D,20100113,000000,44.2500000
US1.JPM,D,20100114,000000,44.6900000
US1.JPM,D,20100115,000000,43.6800000
US1.JPM,D,20100119,000000,43.2800000
US1.JPM,D,20100120,000000,43.4000000
US1.JPM,D,20100121,000000,40.5400000
US1.JPM,D,20100122,000000,39.1600000
US1.JPM,D,20100125,000000,39.2100000
US1.JPM,D,20100126,000000,38.4400000
US1.JPM,D,20100127,000000,39.3300000
US1.JPM,D,20100128,000000,39.4800000
US1.JPM,D,20100129,000000,38.9400000
US1.JPM,D,20100201,000000,39.6300000
US1.JPM,D,20100202,000000,40.5500000
US1.JPM,D,20100203,000000,40.2900000
US1.JPM,D,20100204,000000,38.3500000
US1.JPM,D,20100205,000000,38.3000000
US1.JPM,D,20100208,000000,37.7000000
US1.JPM,D,20100209,000000,38.3900000
US1.JPM,D,20100210,000000,38.8700000
US1.JPM,D,20100211,000000,39.0200000
US1.JPM,D,20100212,000000,39.0800000
US1.JPM,D,20100216,000000,40.0700000
US1.JPM,D,20100217,000000,40.0400000
US1.JPM,D,20100218,000000,40.4100000
US1.JPM,D,20100219,000000,40.0300000
US1.JPM,D,20100222,000000,40.8500000
US1.JPM,D,20100223,000000,39.8800000
US1.JPM,D,20100224,000000,40.8500000
US1.JPM,D,20100225,000000,40.6400000
US1.JPM,D,20100226,000000,41.9700000
US1.JPM,D,20100301,000000,41.8300000
US1.JPM,D,20100302,000000,41.6200000
US1.JPM,D,20100303,000000,41.5300000
US1.JPM,D,20100304,000000,41.9200000
US1.JPM,D,20100305,000000,42.8100000
US1.JPM,D,20100308,000000,42.5900000
US1.JPM,D,20100309,000000,42.4200000
US1.JPM,D,20100310,000000,42.9300000
US1.JPM,D,20100311,000000,43.1800000
US1.JPM,D,20100312,000000,43.1500000
US1.JPM,D,20100315,000000,43.0700000
US1.JPM,D,20100316,000000,43.2400000
US1.JPM,D,20100317,000000,43.7900000
US1.JPM,D,20100318,000000,43.6400000
US1.JPM,D,20100319,000000,43.4500000
US1.JPM,D,20100322,000000,43.7400000
US1.JPM,D,20100323,000000,44.5900000
US1.JPM,D,20100324,000000,44.9400000
US1.JPM,D,20100325,000000,44.9400000
US1.JPM,D,20100326,000000,45.0200000
US1.JPM,D,20100329,000000,44.8600000
US1.JPM,D,20100330,000000,44.6100000
US1.JPM,D,20100331,000000,44.7500000
US1.JPM,D,20100401,000000,45.1800000
US1.JPM,D,20100405,000000,45.3400000
US1.JPM,D,20100406,000000,45.8400000
US1.JPM,D,20100407,000000,45.3200000
US1.JPM,D,20100408,000000,45.7600000
US1.JPM,D,20100409,000000,45.9800000
US1.JPM,D,20100412,000000,46.1400000
US1.JPM,D,20100413,000000,45.8700000
US1.JPM,D,20100414,000000,47.7300000
US1.JPM,D,20100415,000000,47.8100000
US1.JPM,D,20100416,000000,45.5500000
US1.JPM,D,20100419,000000,45.3900000
US1.JPM,D,20100420,000000,45.8800000
US1.JPM,D,20100421,000000,45.3500000
US1.JPM,D,20100422,000000,44.7400000
US1.JPM,D,20100423,000000,44.9400000
US1.JPM,D,20100426,000000,43.8900000
US1.JPM,D,20100427,000000,42.4100000
US1.JPM,D,20100428,000000,43.4600000
US1.JPM,D,20100429,000000,44.0000000
US1.JPM,D,20100430,000000,42.5800000
US1.JPM,D,20100503,000000,43.5300000
US1.JPM,D,20100504,000000,42.4700000
US1.JPM,D,20100505,000000,42.6600000
US1.JPM,D,20100506,000000,40.8100000
US1.JPM,D,20100507,000000,40.7600000
US1.JPM,D,20100510,000000,41.9500000
US1.JPM,D,20100511,000000,41.5500000
US1.JPM,D,20100512,000000,41.6900000
US1.JPM,D,20100513,000000,40.8100000
US1.JPM,D,20100514,000000,39.8900000
US1.JPM,D,20100517,000000,39.8400000
US1.JPM,D,20100518,000000,39.0200000
US1.JPM,D,20100519,000000,39.3800000
US1.JPM,D,20100520,000000,37.8300000
US1.JPM,D,20100521,000000,40.0500000
US1.JPM,D,20100524,000000,38.6200000
US1.JPM,D,20100525,000000,38.9400000
US1.JPM,D,20100526,000000,38.7800000
US1.JPM,D,20100527,000000,40.4200000
US1.JPM,D,20100528,000000,39.5800000
US1.JPM,D,20100601,000000,38.5400000
US1.JPM,D,20100602,000000,39.5500000
US1.JPM,D,20100603,000000,39.1000000
US1.JPM,D,20100604,000000,37.6200000
US1.JPM,D,20100607,000000,36.7200000
US1.JPM,D,20100608,000000,37.7800000
US1.JPM,D,20100609,000000,37.1200000
US1.JPM,D,20100610,000000,38.2900000
US1.JPM,D,20100611,000000,38.0900000
US1.JPM,D,20100614,000000,37.3300000
US1.JPM,D,20100615,000000,38.2500000
US1.JPM,D,20100616,000000,38.5200000
US1.JPM,D,20100617,000000,38.4400000
US1.JPM,D,20100618,000000,39.1800000
US1.JPM,D,20100621,000000,38.8700000
US1.JPM,D,20100622,000000,38.3300000
US1.JPM,D,20100623,000000,38.8900000
US1.JPM,D,20100624,000000,38.0300000
US1.JPM,D,20100625,000000,39.4400000
US1.JPM,D,20100628,000000,38.5400000
US1.JPM,D,20100629,000000,37.0600000
US1.JPM,D,20100630,000000,36.6100000
US1.JPM,D,20100701,000000,36.0800000
US1.JPM,D,20100702,000000,35.8300000
US1.JPM,D,20100706,000000,36.3300000
US1.JPM,D,20100707,000000,38.1500000
US1.JPM,D,20100708,000000,38.1600000
US1.JPM,D,20100709,000000,38.8500000
US1.JPM,D,20100712,000000,39.1900000
US1.JPM,D,20100713,000000,40.4900000
US1.JPM,D,20100714,000000,40.3500000
US1.JPM,D,20100715,000000,40.4600000
US1.JPM,D,20100716,000000,39.0000000
US1.JPM,D,20100719,000000,39.0400000
US1.JPM,D,20100720,000000,39.6300000
US1.JPM,D,20100721,000000,38.4200000
US1.JPM,D,20100722,000000,39.3500000
US1.JPM,D,20100723,000000,39.8300000
US1.JPM,D,20100726,000000,40.3300000
US1.JPM,D,20100727,000000,40.6900000
US1.JPM,D,20100728,000000,40.3200000
US1.JPM,D,20100729,000000,40.2100000
US1.JPM,D,20100730,000000,40.2800000
US1.JPM,D,20100802,000000,41.6400000
US1.JPM,D,20100803,000000,41.0800000
US1.JPM,D,20100804,000000,41.2900000
US1.JPM,D,20100805,000000,41.2700000
US1.JPM,D,20100806,000000,40.4400000
US1.JPM,D,20100809,000000,39.8200000
US1.JPM,D,20100810,000000,39.1700000
US1.JPM,D,20100811,000000,37.7700000
US1.JPM,D,20100812,000000,37.8100000
US1.JPM,D,20100813,000000,37.5000000
US1.JPM,D,20100816,000000,37.6900000
US1.JPM,D,20100817,000000,37.4800000
US1.JPM,D,20100818,000000,37.8900000
US1.JPM,D,20100819,000000,37.0700000
US1.JPM,D,20100820,000000,37.1400000
US1.JPM,D,20100823,000000,36.8800000
US1.JPM,D,20100824,000000,36.2100000
US1.JPM,D,20100825,000000,36.2300000
US1.JPM,D,20100826,000000,35.6300000
US1.JPM,D,20100827,000000,36.6000000
US1.JPM,D,20100830,000000,35.8500000
US1.JPM,D,20100831,000000,36.3600000
US1.JPM,D,20100901,000000,37.7400000
US1.JPM,D,20100902,000000,38.1600000
US1.JPM,D,20100903,000000,39.1700000
US1.JPM,D,20100907,000000,38.2800000
US1.JPM,D,20100908,000000,39.1200000
US1.JPM,D,20100909,000000,40.1000000
US1.JPM,D,20100910,000000,39.7600000
US1.JPM,D,20100913,000000,41.1200000
US1.JPM,D,20100914,000000,40.7200000
US1.JPM,D,20100915,000000,40.9800000
US1.JPM,D,20100916,000000,40.9900000
US1.JPM,D,20100917,000000,40.0600000
US1.JPM,D,20100920,000000,41.1900000
US1.JPM,D,20100921,000000,40.5900000
US1.JPM,D,20100922,000000,39.9400000
US1.JPM,D,20100923,000000,39.1000000
US1.JPM,D,20100924,000000,39.7525000
US1.JPM,D,20100927,000000,39.0800000
US1.JPM,D,20100928,000000,38.9500000
US1.JPM,D,20100929,000000,38.4100000
US1.JPM,D,20100930,000000,38.0600000
US1.JPM,D,20101001,000000,38.8100000
US1.JPM,D,20101004,000000,38.9500000
US1.JPM,D,20101005,000000,39.6400000
US1.JPM,D,20101006,000000,39.8600000
US1.JPM,D,20101007,000000,39.5200000
US1.JPM,D,20101008,000000,39.3100000
US1.JPM,D,20101011,000000,39.7300000
US1.JPM,D,20101012,000000,40.4000000
US1.JPM,D,20101013,000000,39.8400000
US1.JPM,D,20101014,000000,38.7200000
US1.JPM,D,20101015,000000,37.1500000
US1.JPM,D,20101018,000000,38.2000000
US1.JPM,D,20101019,000000,37.6900000
US1.JPM,D,20101020,000000,38.1000000
US1.JPM,D,20101021,000000,37.7000000
US1.JPM,D,20101022,000000,37.7000000
US1.JPM,D,20101025,000000,37.0700000
US1.JPM,D,20101026,000000,37.2000000
US1.JPM,D,20101027,000000,37.5400000
US1.JPM,D,20101028,000000,37.5100000
US1.JPM,D,20101029,000000,37.6300000
US1.JPM,D,20101101,000000,37.4200000
US1.JPM,D,20101102,000000,36.9600000
US1.JPM,D,20101103,000000,37.7200000
US1.JPM,D,20101104,000000,39.8000000
US1.JPM,D,20101105,000000,40.9400000
US1.JPM,D,20101108,000000,40.5100000
US1.JPM,D,20101109,000000,39.9000000
US1.JPM,D,20101110,000000,40.6200000
US1.JPM,D,20101111,000000,40.0200000
US1.JPM,D,20101112,000000,39.6100000
US1.JPM,D,20101115,000000,40.0800000
US1.JPM,D,20101116,000000,39.6100000
US1.JPM,D,20101117,000000,39.1800000
US1.JPM,D,20101118,000000,39.6600000
US1.JPM,D,20101119,000000,39.4100000
US1.JPM,D,20101122,000000,38.5100000
US1.JPM,D,20101123,000000,37.6300000
US1.JPM,D,20101124,000000,38.1600000
US1.JPM,D,20101126,000000,37.5000000
US1.JPM,D,20101129,000000,37.9100000
US1.JPM,D,20101130,000000,37.4000000
US1.JPM,D,20101201,000000,38.1500000
US1.JPM,D,20101202,000000,39.3100000
US1.JPM,D,20101203,000000,39.6100000
US1.JPM,D,20101206,000000,39.9050000
US1.JPM,D,20101207,000000,39.2500000
US1.JPM,D,20101208,000000,40.2600000
US1.JPM,D,20101209,000000,40.8100000
US1.JPM,D,20101210,000000,41.4300000
US1.JPM,D,20101213,000000,41.5100000
US1.JPM,D,20101214,000000,40.7900000
US1.JPM,D,20101215,000000,40.2100000
US1.JPM,D,20101216,000000,40.0125000
US1.JPM,D,20101217,000000,39.6700000
US1.JPM,D,20101220,000000,39.9500000
US1.JPM,D,20101221,000000,41.0000000
US1.JPM,D,20101222,000000,42.1600000
US1.JPM,D,20101223,000000,42.0800000
US1.JPM,D,20101227,000000,42.6700000
US1.JPM,D,20101228,000000,42.6100000
US1.JPM,D,20101229,000000,42.3600000
US1.JPM,D,20101230,000000,42.2300000
US1.JPM,D,20101231,000000,42.4200000
US1.JPM,D,20110103,000000,43.8300000
US1.JPM,D,20110105,000000,44.7000000
US1.JPM,D,20110106,000000,44.4800000
US1.JPM,D,20110107,000000,43.6400000
US1.JPM,D,20110110,000000,43.4000000
US1.JPM,D,20110111,000000,43.6000000
US1.JPM,D,20110112,000000,44.7100000
US1.JPM,D,20110113,000000,44.4500000
US1.JPM,D,20110114,000000,44.9100000
US1.JPM,D,20110118,000000,44.7500000
US1.JPM,D,20110119,000000,43.7100000
US1.JPM,D,20110120,000000,44.7500000
US1.JPM,D,20110121,000000,45.2900000
US1.JPM,D,20110124,000000,45.0200000
US1.JPM,D,20110125,000000,44.8700000
US1.JPM,D,20110126,000000,44.9800000
US1.JPM,D,20110127,000000,45.1000000
US1.JPM,D,20110128,000000,44.5400000
US1.JPM,D,20110131,000000,44.9400000
US1.JPM,D,20110201,000000,45.9300000
US1.JPM,D,20110202,000000,45.4500000
US1.JPM,D,20110203,000000,45.4600000
US1.JPM,D,20110204,000000,44.5900000
US1.JPM,D,20110207,000000,45.5000000
US1.JPM,D,20110208,000000,45.7400000
US1.JPM,D,20110209,000000,45.1100000
US1.JPM,D,20110210,000000,45.5300000
US1.JPM,D,20110211,000000,46.5700000
US1.JPM,D,20110214,000000,46.5400000
US1.JPM,D,20110215,000000,46.8200000
US1.JPM,D,20110216,000000,47.9200000
US1.JPM,D,20110217,000000,47.8200000
US1.JPM,D,20110218,000000,47.9700000
US1.JPM,D,20110222,000000,46.0200000
US1.JPM,D,20110223,000000,45.9700000
US1.JPM,D,20110224,000000,45.9000000
US1.JPM,D,20110225,000000,46.7100000
US1.JPM,D,20110228,000000,46.7500000
US1.JPM,D,20110301,000000,45.6100000
US1.JPM,D,20110302,000000,45.2100000
US1.JPM,D,20110303,000000,46.1000000
US1.JPM,D,20110304,000000,45.5400000
US1.JPM,D,20110307,000000,45.2100000
US1.JPM,D,20110308,000000,46.3900000
US1.JPM,D,20110309,000000,46.5800000
US1.JPM,D,20110310,000000,45.5400000
US1.JPM,D,20110311,000000,45.7200000
US1.JPM,D,20110314,000000,45.3300000
US1.JPM,D,20110315,000000,44.6000000
US1.JPM,D,20110316,000000,43.8300000
US1.JPM,D,20110317,000000,44.5400000
US1.JPM,D,20110318,000000,44.8300000
US1.JPM,D,20110324,000000,45.7400000
US1.JPM,D,20110325,000000,45.8700000
US1.JPM,D,20110328,000000,45.9800000
US1.JPM,D,20110329,000000,46.0000000
US1.JPM,D,20110330,000000,46.4200000
US1.JPM,D,20110331,000000,46.1300000
US1.JPM,D,20110401,000000,46.3600000
US1.JPM,D,20110404,000000,46.3300000
US1.JPM,D,20110405,000000,46.6000000
US1.JPM,D,20110406,000000,47.6400000
US1.JPM,D,20110407,000000,47.3800000
US1.JPM,D,20110408,000000,46.8300000
US1.JPM,D,20110411,000000,46.8600000
US1.JPM,D,20110412,000000,46.6600000
US1.JPM,D,20110413,000000,46.2600000
US1.JPM,D,20110414,000000,44.9900000
US1.JPM,D,20110415,000000,44.9100000
US1.JPM,D,20110419,000000,44.6600000
US1.JPM,D,20110420,000000,44.5600000
US1.JPM,D,20110421,000000,44.6700000
US1.JPM,D,20110425,000000,44.6200000
US1.JPM,D,20110426,000000,45.1300000
US1.JPM,D,20110427,000000,45.5300000
US1.JPM,D,20110428,000000,45.8400000
US1.JPM,D,20110429,000000,45.6350000
US1.JPM,D,20110502,000000,45.1700000
US1.JPM,D,20110503,000000,45.9200000
US1.JPM,D,20110504,000000,45.5000000
US1.JPM,D,20110505,000000,45.1800000
US1.JPM,D,20110506,000000,45.0300000
US1.JPM,D,20110509,000000,44.9400000
US1.JPM,D,20110510,000000,45.1700000
US1.JPM,D,20110511,000000,44.2350000
US1.JPM,D,20110512,000000,44.0850000
US1.JPM,D,20110513,000000,43.1700000
US1.JPM,D,20110516,000000,42.9150000
US1.JPM,D,20110517,000000,43.8100000
US1.JPM,D,20110518,000000,44.0500000
US1.JPM,D,20110519,000000,43.9850000
US1.JPM,D,20110520,000000,43.1300000
US1.JPM,D,20110523,000000,42.5550000
US1.JPM,D,20110524,000000,42.3300000
US1.JPM,D,20110525,000000,42.2800000
US1.JPM,D,20110526,000000,42.4700000
US1.JPM,D,20110527,000000,42.7900000
US1.JPM,D,20110531,000000,43.2200000
US1.JPM,D,20110601,000000,41.7800000
US1.JPM,D,20110602,000000,41.6100000
US1.JPM,D,20110603,000000,41.5700000
US1.JPM,D,20110606,000000,40.5400000
US1.JPM,D,20110607,000000,40.6700000
US1.JPM,D,20110608,000000,40.4000000
US1.JPM,D,20110609,000000,41.0000000
US1.JPM,D,20110610,000000,41.0600000
US1.JPM,D,20110613,000000,41.6950000
US1.JPM,D,20110614,000000,41.6050000
US1.JPM,D,20110615,000000,40.7000000
US1.JPM,D,20110616,000000,40.3600000
US1.JPM,D,20110617,000000,40.7800000
US1.JPM,D,20110620,000000,40.4600000
US1.JPM,D,20110621,000000,40.9100000
US1.JPM,D,20110622,000000,40.7000000
US1.JPM,D,20110623,000000,40.0850000
US1.JPM,D,20110624,000000,39.5100000
US1.JPM,D,20110627,000000,39.8900000
US1.JPM,D,20110628,000000,39.5400000
US1.JPM,D,20110629,000000,40.4700000
US1.JPM,D,20110630,000000,40.9500000
US1.JPM,D,20110701,000000,41.5800000
US1.JPM,D,20110705,000000,41.0300000
US1.JPM,D,20110706,000000,40.5600000
US1.JPM,D,20110707,000000,41.3300000
US1.JPM,D,20110708,000000,40.7500000
US1.JPM,D,20110711,000000,39.4500000
US1.JPM,D,20110712,000000,39.4000000
US1.JPM,D,20110713,000000,39.6300000
US1.JPM,D,20110714,000000,40.3500000
US1.JPM,D,20110715,000000,40.0000000
US1.JPM,D,20110718,000000,39.8400000
US1.JPM,D,20110719,000000,40.3800000
US1.JPM,D,20110720,000000,40.9550000
US1.JPM,D,20110721,000000,42.2950000
US1.JPM,D,20110722,000000,42.1700000
US1.JPM,D,20110725,000000,41.6800000
US1.JPM,D,20110726,000000,41.4700000
US1.JPM,D,20110727,000000,40.6700000
US1.JPM,D,20110728,000000,40.7000000
US1.JPM,D,20110729,000000,40.4200000
US1.JPM,D,20110801,000000,40.4600000
US1.JPM,D,20110802,000000,39.8500000
US1.JPM,D,20110803,000000,39.9000000
US1.JPM,D,20110804,000000,38.6200000
US1.JPM,D,20110808,000000,34.1250000
US1.JPM,D,20110809,000000,35.1900000
US1.JPM,D,20110810,000000,34.3400000
US1.JPM,D,20110811,000000,36.6200000
US1.JPM,D,20110812,000000,35.9300000
US1.JPM,D,20110815,000000,36.8350000
US1.JPM,D,20110816,000000,36.0250000
US1.JPM,D,20110817,000000,36.5550000
US1.JPM,D,20110818,000000,35.1550000
US1.JPM,D,20110819,000000,34.3500000
US1.JPM,D,20110822,000000,33.3700000
US1.JPM,D,20110823,000000,34.7850000
US1.JPM,D,20110824,000000,35.8300000
US1.JPM,D,20110825,000000,35.7400000
US1.JPM,D,20110826,000000,36.1400000
US1.JPM,D,20110829,000000,37.6300000
US1.JPM,D,20110830,000000,37.0700000
US1.JPM,D,20110831,000000,37.4800000
US1.JPM,D,20110901,000000,36.3500000
US1.JPM,D,20110902,000000,34.6400000
US1.JPM,D,20110906,000000,33.4500000
US1.JPM,D,20110907,000000,34.8000000
US1.JPM,D,20110908,000000,33.5300000
US1.JPM,D,20110909,000000,32.0700000
US1.JPM,D,20110912,000000,32.4200000
US1.JPM,D,20110913,000000,32.5250000
US1.JPM,D,20110914,000000,32.7800000
US1.JPM,D,20110915,000000,33.7950000
US1.JPM,D,20110916,000000,33.5500000
US1.JPM,D,20110919,000000,32.4900000
US1.JPM,D,20110920,000000,32.2700000
US1.JPM,D,20110921,000000,30.2800000
US1.JPM,D,20110922,000000,29.2600000
US1.JPM,D,20110923,000000,29.5900000
US1.JPM,D,20110926,000000,31.6700000
US1.JPM,D,20110927,000000,31.5600000
US1.JPM,D,20110928,000000,30.4800000
US1.JPM,D,20110929,000000,31.3700000
US1.JPM,D,20110930,000000,30.1300000
US1.JPM,D,20111003,000000,28.6750000
US1.JPM,D,20111004,000000,30.3600000
US1.JPM,D,20111005,000000,30.8300000
US1.JPM,D,20111006,000000,32.4150000
US1.JPM,D,20111007,000000,30.7200000
US1.JPM,D,20111010,000000,32.3000000
US1.JPM,D,20111011,000000,32.3100000
US1.JPM,D,20111012,000000,33.2300000
US1.JPM,D,20111013,000000,31.6000000
US1.JPM,D,20111014,000000,31.8900000
US1.JPM,D,20111017,000000,30.9900000
US1.JPM,D,20111018,000000,32.8500000
US1.JPM,D,20111019,000000,32.2400000
US1.JPM,D,20111020,000000,33.0400000
US1.JPM,D,20111021,000000,33.4600000
US1.JPM,D,20111024,000000,34.5600000
US1.JPM,D,20111025,000000,33.5200000
US1.JPM,D,20111026,000000,34.2000000
US1.JPM,D,20111027,000000,37.0100000
US1.JPM,D,20111028,000000,36.7300000
US1.JPM,D,20111031,000000,34.7500000
US1.JPM,D,20111101,000000,32.7200000
US1.JPM,D,20111102,000000,33.6200000
US1.JPM,D,20111103,000000,34.3800000
US1.JPM,D,20111104,000000,34.0000000
US1.JPM,D,20111107,000000,34.1100000
US1.JPM,D,20111108,000000,35.0700000
US1.JPM,D,20111109,000000,32.5300000
US1.JPM,D,20111110,000000,32.6600000
US1.JPM,D,20111111,000000,33.2800000
US1.JPM,D,20111114,000000,32.5500000
US1.JPM,D,20111115,000000,32.7200000
US1.JPM,D,20111116,000000,31.4500000
US1.JPM,D,20111117,000000,30.3600000
US1.JPM,D,20111118,000000,30.6100000
US1.JPM,D,20111121,000000,29.9200000
US1.JPM,D,20111122,000000,29.4000000
US1.JPM,D,20111123,000000,28.3900000
US1.JPM,D,20111125,000000,28.5100000
US1.JPM,D,20111128,000000,29.2000000
US1.JPM,D,20111129,000000,28.5800000
US1.JPM,D,20111130,000000,30.9400000
US1.JPM,D,20111201,000000,30.4700000
US1.JPM,D,20111202,000000,32.3400000
US1.JPM,D,20111205,000000,33.5100000
US1.JPM,D,20111206,000000,33.2500000
US1.JPM,D,20111207,000000,34.0200000
US1.JPM,D,20111208,000000,32.2600000
US1.JPM,D,20111209,000000,33.1600000
US1.JPM,D,20111212,000000,32.0600000
US1.JPM,D,20111213,000000,31.2900000
US1.JPM,D,20111214,000000,31.5100000
US1.JPM,D,20111215,000000,31.7700000
US1.JPM,D,20111216,000000,31.8900000
US1.JPM,D,20111219,000000,30.7000000
US1.JPM,D,20111220,000000,32.2100000
US1.JPM,D,20111221,000000,32.3200000
US1.JPM,D,20111222,000000,33.4500000
US1.JPM,D,20111223,000000,33.5700000
US1.JPM,D,20111227,000000,33.0400000
US1.JPM,D,20111228,000000,32.6700000
US1.JPM,D,20111229,000000,33.4000000
US1.JPM,D,20111230,000000,33.2400000
US1.JPM,D,20120103,000000,34.9500000
US1.JPM,D,20120104,000000,34.9500000
US1.JPM,D,20120105,000000,35.6800000
US1.JPM,D,20120106,000000,35.3500000
US1.JPM,D,20120109,000000,35.2700000
US1.JPM,D,20120110,000000,36.0500000
US1.JPM,D,20120111,000000,36.6500000
US1.JPM,D,20120112,000000,36.8200000
US1.JPM,D,20120113,000000,35.9100000
US1.JPM,D,20120117,000000,34.9000000
US1.JPM,D,20120118,000000,36.5500000
US1.JPM,D,20120119,000000,36.9100000
US1.JPM,D,20120120,000000,37.3600000
US1.JPM,D,20120123,000000,37.6700000
US1.JPM,D,20120124,000000,37.6700000
US1.JPM,D,20120125,000000,37.6000000
US1.JPM,D,20120126,000000,37.4900000
US1.JPM,D,20120127,000000,37.2400000
US1.JPM,D,20120130,000000,37.0100000
US1.JPM,D,20120131,000000,37.3100000
US1.JPM,D,20120201,000000,37.5800000
US1.JPM,D,20120202,000000,37.5500000
US1.JPM,D,20120203,000000,38.2800000
US1.JPM,D,20120206,000000,38.1500000
US1.JPM,D,20120207,000000,37.8800000
US1.JPM,D,20120208,000000,38.2900000
US1.JPM,D,20120209,000000,37.8600000
US1.JPM,D,20120210,000000,37.6100000
US1.JPM,D,20120213,000000,38.3000000
US1.JPM,D,20120214,000000,37.9300000
US1.JPM,D,20120215,000000,37.4200000
US1.JPM,D,20120216,000000,37.9900000
US1.JPM,D,20120217,000000,38.4700000
US1.JPM,D,20120221,000000,38.4600000
US1.JPM,D,20120222,000000,38.1000000
US1.JPM,D,20120223,000000,38.4900000
US1.JPM,D,20120224,000000,38.2800000
US1.JPM,D,20120227,000000,39.0600000
US1.JPM,D,20120228,000000,39.1900000
US1.JPM,D,20120229,000000,39.2500000
US1.JPM,D,20120301,000000,40.3900000
US1.JPM,D,20120302,000000,40.6400000
US1.JPM,D,20120305,000000,40.3800000
US1.JPM,D,20120306,000000,39.3200000
US1.JPM,D,20120307,000000,39.9600000
US1.JPM,D,20120308,000000,40.4300000
US1.JPM,D,20120309,000000,41.0500000
US1.JPM,D,20120312,000000,40.5400000
US1.JPM,D,20120313,000000,43.3900000
US1.JPM,D,20120314,000000,43.5900000
US1.JPM,D,20120315,000000,44.6800000
US1.JPM,D,20120316,000000,44.5700000
US1.JPM,D,20120319,000000,44.9900000
US1.JPM,D,20120320,000000,45.3800000
US1.JPM,D,20120321,000000,45.1200000
US1.JPM,D,20120322,000000,44.6600000
US1.JPM,D,20120323,000000,45.1800000
US1.JPM,D,20120326,000000,46.1500000
US1.JPM,D,20120327,000000,45.9000000
US1.JPM,D,20120328,000000,46.2600000
US1.JPM,D,20120329,000000,45.6700000
US1.JPM,D,20120330,000000,45.9600000
US1.JPM,D,20120402,000000,46.1300000
US1.JPM,D,20120403,000000,45.4200000
US1.JPM,D,20120404,000000,44.4100000
US1.JPM,D,20120405,000000,44.3400000
US1.JPM,D,20120409,000000,43.9000000
US1.JPM,D,20120410,000000,42.9600000
US1.JPM,D,20120411,000000,43.9900000
US1.JPM,D,20120412,000000,44.8300000
US1.JPM,D,20120413,000000,43.2100000
US1.JPM,D,20120416,000000,43.3300000
US1.JPM,D,20120417,000000,43.8800000
US1.JPM,D,20120418,000000,43.3100000
US1.JPM,D,20120419,000000,43.2000000
US1.JPM,D,20120420,000000,42.7450000
US1.JPM,D,20120423,000000,42.8400000
US1.JPM,D,20120424,000000,43.2900000
US1.JPM,D,20120425,000000,43.1700000
US1.JPM,D,20120426,000000,43.8000000
US1.JPM,D,20120427,000000,43.3500000
US1.JPM,D,20120430,000000,42.9700000
US1.JPM,D,20120501,000000,43.8000000
US1.JPM,D,20120502,000000,43.2200000
US1.JPM,D,20120503,000000,43.0100000
US1.JPM,D,20120504,000000,41.7200000
US1.JPM,D,20120507,000000,41.7800000
US1.JPM,D,20120508,000000,41.3800000
US1.JPM,D,20120509,000000,40.6500000
US1.JPM,D,20120510,000000,40.7300000
US1.JPM,D,20120511,000000,36.9500000
US1.JPM,D,20120514,000000,35.8000000
US1.JPM,D,20120515,000000,36.2400000
US1.JPM,D,20120516,000000,35.4700000
US1.JPM,D,20120517,000000,33.9400000
US1.JPM,D,20120518,000000,33.4900000
US1.JPM,D,20120521,000000,32.5250000
US1.JPM,D,20120522,000000,34.0200000
US1.JPM,D,20120523,000000,34.2800000
US1.JPM,D,20120524,000000,33.9900000
US1.JPM,D,20120525,000000,33.4900000
US1.JPM,D,20120529,000000,33.6500000
US1.JPM,D,20120530,000000,32.9700000
US1.JPM,D,20120531,000000,33.1500000
US1.JPM,D,20120601,000000,31.9200000
US1.JPM,D,20120604,000000,30.9700000
US1.JPM,D,20120605,000000,31.9700000
US1.JPM,D,20120606,000000,33.0450000
US1.JPM,D,20120607,000000,32.8200000
US1.JPM,D,20120608,000000,33.6600000
US1.JPM,D,20120611,000000,32.8300000
US1.JPM,D,20120612,000000,33.7600000
US1.JPM,D,20120613,000000,34.2900000
US1.JPM,D,20120614,000000,34.6400000
US1.JPM,D,20120615,000000,35.0200000
US1.JPM,D,20120618,000000,34.6050000
US1.JPM,D,20120619,000000,35.3800000
US1.JPM,D,20120620,000000,36.4600000
US1.JPM,D,20120621,000000,35.5100000
US1.JPM,D,20120622,000000,36.0900000
US1.JPM,D,20120625,000000,35.3100000
US1.JPM,D,20120626,000000,35.7300000
US1.JPM,D,20120627,000000,36.7750000
US1.JPM,D,20120628,000000,35.8700000
US1.JPM,D,20120629,000000,35.7400000
US1.JPM,D,20120702,000000,36.2800000
US1.JPM,D,20120703,000000,35.8600000
US1.JPM,D,20120705,000000,34.4000000
US1.JPM,D,20120706,000000,33.9000000
US1.JPM,D,20120709,000000,33.9500000
US1.JPM,D,20120710,000000,34.2500000
US1.JPM,D,20120711,000000,34.6000000
US1.JPM,D,20120712,000000,34.0500000
US1.JPM,D,20120713,000000,36.0500000
US1.JPM,D,20120716,000000,35.0800000
US1.JPM,D,20120717,000000,34.9800000
US1.JPM,D,20120718,000000,34.9700000
US1.JPM,D,20120719,000000,34.4550000
US1.JPM,D,20120720,000000,33.9000000
US1.JPM,D,20120723,000000,34.4400000
US1.JPM,D,20120724,000000,34.7300000
US1.JPM,D,20120725,000000,35.1700000
US1.JPM,D,20120726,000000,35.8000000
US1.JPM,D,20120727,000000,36.8900000
US1.JPM,D,20120730,000000,36.1200000
US1.JPM,D,20120731,000000,36.0000000
US1.JPM,D,20120801,000000,36.0100000
US1.JPM,D,20120802,000000,35.1600000
US1.JPM,D,20120803,000000,36.0850000
US1.JPM,D,20120806,000000,36.3000000
US1.JPM,D,20120807,000000,37.0000000
US1.JPM,D,20120808,000000,37.1500000
US1.JPM,D,20120809,000000,36.9200000
US1.JPM,D,20120810,000000,36.9600000
US1.JPM,D,20120814,000000,37.1000000
US1.JPM,D,20120815,000000,37.1000000
US1.JPM,D,20120816,000000,37.0900000
US1.JPM,D,20120817,000000,36.9800000
US1.JPM,D,20120820,000000,37.3800000
US1.JPM,D,20120821,000000,38.0300000
US1.JPM,D,20120822,000000,37.8300000
US1.JPM,D,20120823,000000,37.2500000
US1.JPM,D,20120824,000000,37.1800000
US1.JPM,D,20120827,000000,37.2300000
US1.JPM,D,20120828,000000,37.1300000
US1.JPM,D,20120829,000000,37.3000000
US1.JPM,D,20120830,000000,36.9100000
US1.JPM,D,20120831,000000,37.1400000
US1.JPM,D,20120904,000000,37.0000000
US1.JPM,D,20120905,000000,37.1100000
US1.JPM,D,20120906,000000,38.6900000
US1.JPM,D,20120907,000000,39.3000000
US1.JPM,D,20120910,000000,38.7600000
US1.JPM,D,20120911,000000,39.6000000
US1.JPM,D,20120912,000000,39.9200000
US1.JPM,D,20120913,000000,41.4000000
US1.JPM,D,20120914,000000,41.5500000
US1.JPM,D,20120917,000000,41.2100000
US1.JPM,D,20120918,000000,41.2500000
US1.JPM,D,20120919,000000,41.3500000
US1.JPM,D,20120920,000000,41.2500000
US1.JPM,D,20120921,000000,40.8700000
US1.JPM,D,20120924,000000,41.2400000
US1.JPM,D,20120925,000000,40.5700000
US1.JPM,D,20120926,000000,40.2600000
US1.JPM,D,20120927,000000,40.6700000
US1.JPM,D,20120928,000000,40.4700000
US1.JPM,D,20121001,000000,40.9800000
US1.JPM,D,20121002,000000,40.9100000
US1.JPM,D,20121003,000000,40.8600000
US1.JPM,D,20121004,000000,41.8300000
US1.JPM,D,20121005,000000,41.7000000
US1.JPM,D,20121008,000000,41.6600000
US1.JPM,D,20121009,000000,41.3900000
US1.JPM,D,20121010,000000,41.7800000
US1.JPM,D,20121011,000000,42.0900000
US1.JPM,D,20121012,000000,41.6100000
US1.JPM,D,20121015,000000,42.3650000
US1.JPM,D,20121016,000000,42.8300000
US1.JPM,D,20121017,000000,43.3200000
US1.JPM,D,20121018,000000,43.0100000
US1.JPM,D,20121019,000000,42.3000000
US1.JPM,D,20121022,000000,42.0700000
US1.JPM,D,20121023,000000,41.2500000
US1.JPM,D,20121024,000000,41.7400000
US1.JPM,D,20121025,000000,41.6700000
US1.JPM,D,20121026,000000,41.1500000
US1.JPM,D,20121031,000000,41.6600000
US1.JPM,D,20121101,000000,42.8300000
US1.JPM,D,20121102,000000,42.4300000
US1.JPM,D,20121105,000000,42.2700000
US1.JPM,D,20121106,000000,42.8700000
US1.JPM,D,20121107,000000,40.4700000
US1.JPM,D,20121108,000000,40.4100000
US1.JPM,D,20121109,000000,40.6200000
US1.JPM,D,20121112,000000,40.5800000
US1.JPM,D,20121113,000000,40.0300000
US1.JPM,D,20121114,000000,39.2900000
US1.JPM,D,20121115,000000,39.3900000
US1.JPM,D,20121116,000000,39.5300000
US1.JPM,D,20121119,000000,40.5800000
US1.JPM,D,20121120,000000,40.7100000
US1.JPM,D,20121121,000000,40.7300000
US1.JPM,D,20121123,000000,41.0700000
US1.JPM,D,20121126,000000,40.8750000
US1.JPM,D,20121127,000000,40.7800000
US1.JPM,D,20121128,000000,40.8400000
US1.JPM,D,20121129,000000,41.2150000
US1.JPM,D,20121130,000000,41.0300000
US1.JPM,D,20121203,000000,40.8200000
US1.JPM,D,20121204,000000,40.5600000
US1.JPM,D,20121205,000000,41.2000000
US1.JPM,D,20121206,000000,41.4700000
US1.JPM,D,20121207,000000,42.5700000
US1.JPM,D,20121210,000000,42.3100000
US1.JPM,D,20121211,000000,42.6200000
US1.JPM,D,20121212,000000,42.7700000
US1.JPM,D,20121213,000000,42.7900000
US1.JPM,D,20121214,000000,42.8100000
US1.JPM,D,20121217,000000,43.5000000
US1.JPM,D,20121218,000000,43.8700000
US1.JPM,D,20121219,000000,43.5100000
US1.JPM,D,20121220,000000,44.5300000
US1.JPM,D,20121221,000000,44.0100000
US1.JPM,D,20121224,000000,43.9000000
US1.JPM,D,20121226,000000,43.9650000
US1.JPM,D,20121227,000000,43.6200000
US1.JPM,D,20121228,000000,43.2400000
US1.JPM,D,20121231,000000,43.9900000
US1.JPM,D,20130102,000000,44.6100000
US1.JPM,D,20130103,000000,44.5900000
US1.JPM,D,20130104,000000,45.3300000
US1.JPM,D,20130107,000000,45.4200000
US1.JPM,D,20130108,000000,45.4800000
US1.JPM,D,20130109,000000,45.4600000
US1.JPM,D,20130110,000000,46.1500000
US1.JPM,D,20130111,000000,46.1350000
US1.JPM,D,20130114,000000,45.8900000
US1.JPM,D,20130115,000000,46.3500000
US1.JPM,D,20130116,000000,46.8100000
US1.JPM,D,20130117,000000,46.4400000
US1.JPM,D,20130118,000000,46.4300000
US1.JPM,D,20130122,000000,46.2900000
US1.JPM,D,20130123,000000,46.2200000
US1.JPM,D,20130124,000000,46.3750000
US1.JPM,D,20130125,000000,47.1300000
US1.JPM,D,20130128,000000,46.7200000
US1.JPM,D,20130129,000000,47.1400000
US1.JPM,D,20130130,000000,47.1350000
US1.JPM,D,20130131,000000,47.0700000
US1.JPM,D,20130201,000000,47.8400000
US1.JPM,D,20130204,000000,47.7000000
US1.JPM,D,20130205,000000,48.7900000
US1.JPM,D,20130206,000000,48.6000000
US1.JPM,D,20130207,000000,48.2050000
US1.JPM,D,20130208,000000,48.6100000
US1.JPM,D,20130211,000000,48.6700000
US1.JPM,D,20130212,000000,49.1500000
US1.JPM,D,20130213,000000,48.6800000
US1.JPM,D,20130214,000000,49.2300000
US1.JPM,D,20130215,000000,48.8600000
US1.JPM,D,20130219,000000,49.4550000
US1.JPM,D,20130220,000000,48.5700000
US1.JPM,D,20130221,000000,48.2400000
US1.JPM,D,20130222,000000,48.9000000
US1.JPM,D,20130225,000000,47.6900000
US1.JPM,D,20130226,000000,47.6100000
US1.JPM,D,20130227,000000,49.2600000
US1.JPM,D,20130228,000000,48.9250000
US1.JPM,D,20130301,000000,48.9200000
US1.JPM,D,20130304,000000,49.1000000
US1.JPM,D,20130305,000000,49.5000000
US1.JPM,D,20130306,000000,50.0100000
US1.JPM,D,20130307,000000,50.6400000
US1.JPM,D,20130308,000000,50.1600000
US1.JPM,D,20130311,000000,50.4800000
US1.JPM,D,20130312,000000,50.2900000
US1.JPM,D,20130313,000000,50.1600000
US1.JPM,D,20130314,000000,50.9700000
US1.JPM,D,20130315,000000,49.9900000
US1.JPM,D,20130318,000000,49.5250000
US1.JPM,D,20130319,000000,49.2000000
US1.JPM,D,20130320,000000,49.1200000
US1.JPM,D,20130321,000000,48.3500000
US1.JPM,D,20130322,000000,48.7800000
US1.JPM,D,20130325,000000,48.5200000
US1.JPM,D,20130326,000000,48.6400000
US1.JPM,D,20130327,000000,47.7800000
US1.JPM,D,20130328,000000,47.4400000
US1.JPM,D,20130401,000000,47.8450000
US1.JPM,D,20130402,000000,48.2700000
US1.JPM,D,20130403,000000,46.8800000
US1.JPM,D,20130404,000000,47.4900000
US1.JPM,D,20130405,000000,47.9000000
US1.JPM,D,20130408,000000,48.5750000
US1.JPM,D,20130409,000000,48.7000000
US1.JPM,D,20130410,000000,49.2550000
US1.JPM,D,20130411,000000,49.3400000
US1.JPM,D,20130412,000000,49.0050000
US1.JPM,D,20130415,000000,47.9000000
US1.JPM,D,20130416,000000,48.4800000
US1.JPM,D,20130417,000000,46.7800000
US1.JPM,D,20130418,000000,46.6500000
US1.JPM,D,20130419,000000,47.2300000
US1.JPM,D,20130422,000000,47.3550000
US1.JPM,D,20130423,000000,48.1650000
US1.JPM,D,20130424,000000,48.7200000
US1.JPM,D,20130425,000000,49.0100000
US1.JPM,D,20130426,000000,48.8600000
US1.JPM,D,20130429,000000,48.9150000
US1.JPM,D,20130430,000000,48.9900000
US1.JPM,D,20130501,000000,48.0050000
US1.JPM,D,20130502,000000,48.1050000
US1.JPM,D,20130503,000000,47.5700000
US1.JPM,D,20130506,000000,48.1800000
US1.JPM,D,20130507,000000,49.1450000
US1.JPM,D,20130508,000000,49.7700000
US1.JPM,D,20130509,000000,49.0500000
US1.JPM,D,20130510,000000,48.9400000
US1.JPM,D,20130513,000000,49.6700000
US1.JPM,D,20130514,000000,50.2400000
US1.JPM,D,20130515,000000,51.0700000
US1.JPM,D,20130516,000000,50.9600000
US1.JPM,D,20130517,000000,52.3000000
US1.JPM,D,20130520,000000,52.2950000
US1.JPM,D,20130521,000000,53.0900000
US1.JPM,D,20130522,000000,53.6400000
US1.JPM,D,20130523,000000,53.3500000
US1.JPM,D,20130524,000000,53.6500000
US1.JPM,D,20130528,000000,54.6100000
US1.JPM,D,20130529,000000,54.6800000
US1.JPM,D,20130530,000000,55.6300000
US1.JPM,D,20130531,000000,54.6100000
US1.JPM,D,20130603,000000,54.4900000
US1.JPM,D,20130604,000000,54.0200000
US1.JPM,D,20130605,000000,53.0300000
US1.JPM,D,20130606,000000,53.5100000
US1.JPM,D,20130607,000000,54.2700000
US1.JPM,D,20130610,000000,54.3700000
US1.JPM,D,20130611,000000,53.5100000
US1.JPM,D,20130612,000000,53.1800000
US1.JPM,D,20130613,000000,54.1600000
US1.JPM,D,20130614,000000,53.1200000
US1.JPM,D,20130617,000000,53.8700000
US1.JPM,D,20130618,000000,54.1000000
US1.JPM,D,20130619,000000,53.5500000
US1.JPM,D,20130620,000000,52.4800000
US1.JPM,D,20130621,000000,52.0200000
US1.JPM,D,20130624,000000,50.9300000
US1.JPM,D,20130625,000000,52.0800000
US1.JPM,D,20130626,000000,52.5000000
US1.JPM,D,20130627,000000,53.2350000
US1.JPM,D,20130628,000000,52.7800000
US1.JPM,D,20130701,000000,52.4900000
US1.JPM,D,20130702,000000,52.8300000
US1.JPM,D,20130703,000000,52.7900000
US1.JPM,D,20130705,000000,53.9800000
US1.JPM,D,20130708,000000,54.7000000
US1.JPM,D,20130709,000000,54.8800000
US1.JPM,D,20130710,000000,54.8400000
US1.JPM,D,20130711,000000,55.1500000
US1.JPM,D,20130712,000000,54.9400000
US1.JPM,D,20130715,000000,54.9100000
US1.JPM,D,20130716,000000,55.0200000
US1.JPM,D,20130717,000000,55.2600000
US1.JPM,D,20130718,000000,56.3600000
US1.JPM,D,20130719,000000,56.1600000
US1.JPM,D,20130722,000000,56.5600000
US1.JPM,D,20130723,000000,56.6700000
US1.JPM,D,20130724,000000,56.6250000
US1.JPM,D,20130725,000000,56.4900000
US1.JPM,D,20130726,000000,56.0400000
US1.JPM,D,20130729,000000,55.7000000
US1.JPM,D,20130730,000000,55.3400000
US1.JPM,D,20130731,000000,55.7400000
US1.JPM,D,20130801,000000,56.5300000
US1.JPM,D,20130802,000000,56.4700000
US1.JPM,D,20130805,000000,56.1000000
US1.JPM,D,20130806,000000,55.4800000
US1.JPM,D,20130807,000000,55.3100000
US1.JPM,D,20130808,000000,54.8100000
US1.JPM,D,20130809,000000,54.5200000
US1.JPM,D,20130812,000000,54.0900000
US1.JPM,D,20130813,000000,54.3000000
US1.JPM,D,20130814,000000,54.1400000
US1.JPM,D,20130815,000000,53.2800000
US1.JPM,D,20130816,000000,53.2900000
US1.JPM,D,20130819,000000,51.8300000
US1.JPM,D,20130820,000000,52.1200000
US1.JPM,D,20130821,000000,51.6400000
US1.JPM,D,20130822,000000,52.2200000
US1.JPM,D,20130823,000000,52.3300000
US1.JPM,D,20130826,000000,51.8000000
US1.JPM,D,20130827,000000,50.5900000
US1.JPM,D,20130828,000000,50.5900000
US1.JPM,D,20130829,000000,50.7000000
US1.JPM,D,20130830,000000,50.5000000
US1.JPM,D,20130903,000000,51.1200000
US1.JPM,D,20130904,000000,51.8700000
US1.JPM,D,20130905,000000,52.1200000
US1.JPM,D,20130906,000000,52.5500000
US1.JPM,D,20130909,000000,52.8400000
US1.JPM,D,20130910,000000,53.6700000
US1.JPM,D,20130911,000000,53.2600000
US1.JPM,D,20130912,000000,52.2400000
US1.JPM,D,20130913,000000,52.6000000
US1.JPM,D,20130916,000000,53.1600000
US1.JPM,D,20130917,000000,53.0800000
US1.JPM,D,20130918,000000,53.4100000
US1.JPM,D,20130919,000000,52.7500000
US1.JPM,D,20130920,000000,52.8750000
US1.JPM,D,20130923,000000,51.4450000
US1.JPM,D,20130924,000000,50.3400000
US1.JPM,D,20130925,000000,51.7000000
US1.JPM,D,20130926,000000,51.8900000
US1.JPM,D,20130927,000000,52.2400000
US1.JPM,D,20130930,000000,51.6900000
US1.JPM,D,20131001,000000,51.9500000
US1.JPM,D,20131002,000000,52.0100000
US1.JPM,D,20131003,000000,51.9200000
US1.JPM,D,20131004,000000,52.6500000
US1.JPM,D,20131007,000000,51.8400000
US1.JPM,D,20131008,000000,50.8900000
US1.JPM,D,20131009,000000,50.7700000
US1.JPM,D,20131010,000000,52.4500000
US1.JPM,D,20131011,000000,52.5200000
US1.JPM,D,20131014,000000,52.7200000
US1.JPM,D,20131015,000000,52.3150000
US1.JPM,D,20131016,000000,53.9900000
US1.JPM,D,20131017,000000,54.2050000
US1.JPM,D,20131018,000000,54.3100000
US1.JPM,D,20131021,000000,54.2500000
US1.JPM,D,20131022,000000,53.8000000
US1.JPM,D,20131023,000000,52.7500000
US1.JPM,D,20131024,000000,52.4800000
US1.JPM,D,20131025,000000,52.7800000
US1.JPM,D,20131028,000000,52.6900000
US1.JPM,D,20131029,000000,52.7400000
US1.JPM,D,20131030,000000,52.6100000
US1.JPM,D,20131031,000000,51.5500000
US1.JPM,D,20131101,000000,52.5200000
US1.JPM,D,20131104,000000,52.0500000
US1.JPM,D,20131105,000000,51.9500000
US1.JPM,D,20131106,000000,52.0900000
US1.JPM,D,20131107,000000,51.6600000
US1.JPM,D,20131108,000000,53.5400000
US1.JPM,D,20131111,000000,54.1100000
US1.JPM,D,20131112,000000,53.9950000
US1.JPM,D,20131113,000000,54.1300000
US1.JPM,D,20131114,000000,54.3950000
US1.JPM,D,20131115,000000,54.8700000
US1.JPM,D,20131118,000000,55.7400000
US1.JPM,D,20131119,000000,56.1600000
US1.JPM,D,20131120,000000,56.1100000
US1.JPM,D,20131121,000000,57.2250000
US1.JPM,D,20131122,000000,57.4300000
US1.JPM,D,20131125,000000,57.6400000
US1.JPM,D,20131126,000000,57.3450000
US1.JPM,D,20131127,000000,57.4800000
US1.JPM,D,20131129,000000,57.2200000
US1.JPM,D,20131202,000000,57.0000000
US1.JPM,D,20131203,000000,56.8550000
US1.JPM,D,20131204,000000,57.2400000
US1.JPM,D,20131205,000000,55.8200000
US1.JPM,D,20131206,000000,56.0600000
US1.JPM,D,20131209,000000,56.5200000
US1.JPM,D,20131210,000000,56.7000000
US1.JPM,D,20131211,000000,56.0700000
US1.JPM,D,20131212,000000,56.3100000
US1.JPM,D,20131213,000000,56.1600000
US1.JPM,D,20131216,000000,56.4500000
US1.JPM,D,20131217,000000,55.7200000
US1.JPM,D,20131218,000000,57.2500000
US1.JPM,D,20131219,000000,57.2300000
US1.JPM,D,20131220,000000,57.7600000
US1.JPM,D,20131223,000000,58.2400000
US1.JPM,D,20131224,000000,58.2500000
US1.JPM,D,20131226,000000,58.2000000
US1.JPM,D,20131227,000000,58.1400000
US1.JPM,D,20131230,000000,57.9500000
US1.JPM,D,20131231,000000,58.4800000
US1.JPM,D,20140102,000000,58.2200000
US1.JPM,D,20140103,000000,58.6600000
US1.JPM,D,20140106,000000,59.0100000
US1.JPM,D,20140107,000000,58.3200000
US1.JPM,D,20140108,000000,58.8600000
US1.JPM,D,20140109,000000,58.7500000
US1.JPM,D,20140110,000000,58.4900000
US1.JPM,D,20140113,000000,57.6800000
US1.JPM,D,20140114,000000,57.7400000
US1.JPM,D,20140115,000000,59.4900000
US1.JPM,D,20140116,000000,58.9700000
US1.JPM,D,20140117,000000,58.1400000
US1.JPM,D,20140121,000000,58.1700000
US1.JPM,D,20140122,000000,57.6150000
US1.JPM,D,20140123,000000,56.3100000
US1.JPM,D,20140124,000000,55.1500000
US1.JPM,D,20140127,000000,55.1000000
US1.JPM,D,20140128,000000,55.7300000
US1.JPM,D,20140129,000000,55.5300000
US1.JPM,D,20140130,000000,56.0000000
US1.JPM,D,20140131,000000,55.3600000
US1.JPM,D,20140203,000000,54.3100000
US1.JPM,D,20140204,000000,54.9400000
US1.JPM,D,20140205,000000,55.2200000
US1.JPM,D,20140206,000000,56.5200000
US1.JPM,D,20140207,000000,56.6300000
US1.JPM,D,20140210,000000,56.7100000
US1.JPM,D,20140211,000000,57.4200000
US1.JPM,D,20140212,000000,57.4700000
US1.JPM,D,20140213,000000,58.0450000
US1.JPM,D,20140214,000000,58.1500000
US1.JPM,D,20140218,000000,58.4800000
US1.JPM,D,20140219,000000,57.2600000
US1.JPM,D,20140220,000000,57.5700000
US1.JPM,D,20140221,000000,57.6000000
US1.JPM,D,20140224,000000,58.0200000
US1.JPM,D,20140225,000000,57.0300000
US1.JPM,D,20140226,000000,56.7500000
US1.JPM,D,20140227,000000,56.6500000
US1.JPM,D,20140228,000000,56.8300000
US1.JPM,D,20140303,000000,56.1500000
US1.JPM,D,20140304,000000,57.2500000
US1.JPM,D,20140305,000000,58.1700000
US1.JPM,D,20140306,000000,58.9400000
US1.JPM,D,20140307,000000,59.3500000
US1.JPM,D,20140310,000000,59.1800000
US1.JPM,D,20140311,000000,58.2000000
US1.JPM,D,20140312,000000,57.8550000
US1.JPM,D,20140313,000000,57.4400000
US1.JPM,D,20140314,000000,56.8100000
US1.JPM,D,20140317,000000,57.5800000
US1.JPM,D,20140318,000000,58.0600000
US1.JPM,D,20140319,000000,58.3100000
US1.JPM,D,20140320,000000,60.1100000
US1.JPM,D,20140321,000000,60.2100000
US1.JPM,D,20140324,000000,61.0600000
US1.JPM,D,20140325,000000,60.9400000
US1.JPM,D,20140326,000000,59.9450000
US1.JPM,D,20140327,000000,59.8850000
US1.JPM,D,20140328,000000,60.0050000
US1.JPM,D,20140331,000000,60.7100000
US1.JPM,D,20140401,000000,60.6700000
US1.JPM,D,20140402,000000,60.4800000
US1.JPM,D,20140403,000000,60.6600000
US1.JPM,D,20140404,000000,59.8100000
US1.JPM,D,20140407,000000,59.0050000
US1.JPM,D,20140408,000000,58.8600000
US1.JPM,D,20140409,000000,59.2400000
US1.JPM,D,20140410,000000,57.4000000
US1.JPM,D,20140411,000000,55.3000000
US1.JPM,D,20140414,000000,54.9800000
US1.JPM,D,20140415,000000,54.8000000
US1.JPM,D,20140416,000000,55.2600000
US1.JPM,D,20140417,000000,55.2200000
US1.JPM,D,20140421,000000,55.0000000
US1.JPM,D,20140422,000000,55.8100000
US1.JPM,D,20140423,000000,56.0400000
US1.JPM,D,20140424,000000,56.1500000
US1.JPM,D,20140425,000000,55.7100000
US1.JPM,D,20140428,000000,55.5000000
US1.JPM,D,20140429,000000,56.0900000
US1.JPM,D,20140430,000000,55.9800000
US1.JPM,D,20140501,000000,55.7200000
US1.JPM,D,20140502,000000,55.5700000
US1.JPM,D,20140505,000000,54.2100000
US1.JPM,D,20140506,000000,53.3300000
US1.JPM,D,20140507,000000,54.0600000
US1.JPM,D,20140508,000000,54.3500000
US1.JPM,D,20140509,000000,54.0200000
US1.JPM,D,20140512,000000,54.6600000
US1.JPM,D,20140513,000000,54.6000000
US1.JPM,D,20140514,000000,54.3800000
US1.JPM,D,20140515,000000,53.5200000
US1.JPM,D,20140516,000000,53.3000000
US1.JPM,D,20140519,000000,53.8450000
US1.JPM,D,20140520,000000,53.7200000
US1.JPM,D,20140521,000000,54.1850000
US1.JPM,D,20140522,000000,54.5500000
US1.JPM,D,20140523,000000,54.5300000
US1.JPM,D,20140527,000000,55.1000000
US1.JPM,D,20140528,000000,55.4750000
US1.JPM,D,20140529,000000,55.7150000
US1.JPM,D,20140530,000000,55.5700000
US1.JPM,D,20140602,000000,55.3500000
US1.JPM,D,20140603,000000,55.6000000
US1.JPM,D,20140604,000000,55.6950000
US1.JPM,D,20140605,000000,56.6000000
US1.JPM,D,20140606,000000,56.9300000
US1.JPM,D,20140609,000000,57.4200000
US1.JPM,D,20140610,000000,57.9000000
US1.JPM,D,20140611,000000,57.2900000
US1.JPM,D,20140612,000000,57.0500000
US1.JPM,D,20140613,000000,57.0000000
US1.JPM,D,20140616,000000,56.8600000
US1.JPM,D,20140617,000000,57.4450000
US1.JPM,D,20140618,000000,57.7800000
US1.JPM,D,20140619,000000,57.2950000
US1.JPM,D,20140620,000000,57.5600000
US1.JPM,D,20140623,000000,58.1650000
US1.JPM,D,20140624,000000,57.4350000
US1.JPM,D,20140625,000000,57.5350000
US1.JPM,D,20140626,000000,57.3700000
US1.JPM,D,20140627,000000,57.5350000
US1.JPM,D,20140630,000000,57.5850000
US1.JPM,D,20140701,000000,57.5650000
US1.JPM,D,20140702,000000,56.9700000
US1.JPM,D,20140703,000000,57.1400000
US1.JPM,D,20140707,000000,56.6600000
US1.JPM,D,20140708,000000,55.7900000
US1.JPM,D,20140709,000000,56.0300000
US1.JPM,D,20140710,000000,55.5600000
US1.JPM,D,20140711,000000,55.7700000
US1.JPM,D,20140714,000000,56.2300000
US1.JPM,D,20140715,000000,58.3600000
US1.JPM,D,20140716,000000,58.7300000
US1.JPM,D,20140717,000000,57.8600000
US1.JPM,D,20140718,000000,58.2000000
US1.JPM,D,20140721,000000,58.2300000
US1.JPM,D,20140722,000000,58.7000000
US1.JPM,D,20140723,000000,59.0050000
US1.JPM,D,20140724,000000,59.1600000
US1.JPM,D,20140725,000000,59.0100000
US1.JPM,D,20140728,000000,59.1700000
US1.JPM,D,20140729,000000,58.6500000
US1.JPM,D,20140730,000000,58.9000000
US1.JPM,D,20140731,000000,57.7000000
US1.JPM,D,20140801,000000,56.4700000
US1.JPM,D,20140804,000000,56.7000000
US1.JPM,D,20140805,000000,56.0700000
US1.JPM,D,20140806,000000,56.2350000
US1.JPM,D,20140807,000000,55.9200000
US1.JPM,D,20140808,000000,56.3450000
US1.JPM,D,20140811,000000,56.3000000
US1.JPM,D,20140812,000000,56.3500000
US1.JPM,D,20140813,000000,56.7100000
US1.JPM,D,20140814,000000,56.9400000
US1.JPM,D,20140815,000000,56.7350000
US1.JPM,D,20140818,000000,57.2150000
US1.JPM,D,20140819,000000,57.5650000
US1.JPM,D,20140820,000000,57.6300000
US1.JPM,D,20140821,000000,58.4850000
US1.JPM,D,20140822,000000,58.5000000
US1.JPM,D,20140825,000000,59.3500000
US1.JPM,D,20140826,000000,59.7500000
US1.JPM,D,20140827,000000,59.5900000
US1.JPM,D,20140828,000000,59.1600000
US1.JPM,D,20140829,000000,59.4400000
US1.JPM,D,20140902,000000,59.6600000
US1.JPM,D,20140903,000000,59.7200000
US1.JPM,D,20140904,000000,59.7050000
US1.JPM,D,20140905,000000,59.8900000
US1.JPM,D,20140908,000000,59.8900000
US1.JPM,D,20140909,000000,59.0600000
US1.JPM,D,20140910,000000,59.2400000
US1.JPM,D,20140911,000000,59.7500000
US1.JPM,D,20140912,000000,60.0400000
US1.JPM,D,20140915,000000,59.9250000
US1.JPM,D,20140916,000000,59.9950000
US1.JPM,D,20140917,000000,60.3100000
US1.JPM,D,20140918,000000,61.3100000
US1.JPM,D,20140919,000000,61.1600000
US1.JPM,D,20140922,000000,60.9200000
US1.JPM,D,20140923,000000,60.9500000
US1.JPM,D,20140924,000000,61.6200000
US1.JPM,D,20140925,000000,60.1900000
US1.JPM,D,20140926,000000,60.5600000
US1.JPM,D,20140929,000000,60.3300000
US1.JPM,D,20140930,000000,60.2400000
US1.JPM,D,20141001,000000,59.7900000
US1.JPM,D,20141002,000000,58.8500000
US1.JPM,D,20141003,000000,60.3000000
US1.JPM,D,20141006,000000,60.1800000
US1.JPM,D,20141007,000000,59.2600000
US1.JPM,D,20141008,000000,60.3700000
US1.JPM,D,20141009,000000,59.0900000
US1.JPM,D,20141010,000000,58.5200000
US1.JPM,D,20141013,000000,58.1800000
US1.JPM,D,20141014,000000,57.9700000
US1.JPM,D,20141015,000000,55.5000000
US1.JPM,D,20141016,000000,55.0800000
US1.JPM,D,20141017,000000,56.1900000
US1.JPM,D,20141020,000000,56.6300000
US1.JPM,D,20141021,000000,57.9100000
US1.JPM,D,20141022,000000,57.4600000
US1.JPM,D,20141023,000000,58.0400000
US1.JPM,D,20141024,000000,58.7400000
US1.JPM,D,20141027,000000,58.6500000
US1.JPM,D,20141028,000000,59.6300000
US1.JPM,D,20141029,000000,59.2700000
US1.JPM,D,20141030,000000,59.3800000
US1.JPM,D,20141031,000000,60.4700000
US1.JPM,D,20141103,000000,60.8800000
US1.JPM,D,20141104,000000,60.2400000
US1.JPM,D,20141105,000000,61.1300000
US1.JPM,D,20141106,000000,61.2200000
US1.JPM,D,20141107,000000,61.4500000
US1.JPM,D,20141110,000000,61.9300000
US1.JPM,D,20141111,000000,61.3600000
US1.JPM,D,20141112,000000,60.5500000
US1.JPM,D,20141113,000000,60.2200000
US1.JPM,D,20141114,000000,60.2850000
US1.JPM,D,20141117,000000,60.3600000
US1.JPM,D,20141118,000000,60.5400000
US1.JPM,D,20141119,000000,60.6100000
US1.JPM,D,20141120,000000,60.1150000
US1.JPM,D,20141121,000000,60.4250000
US1.JPM,D,20141124,000000,60.9450000
US1.JPM,D,20141125,000000,60.3100000
US1.JPM,D,20141126,000000,60.3400000
US1.JPM,D,20141128,000000,60.1900000
US1.JPM,D,20141201,000000,59.9900000
US1.JPM,D,20141202,000000,61.0600000
US1.JPM,D,20141203,000000,61.5500000
US1.JPM,D,20141204,000000,61.3800000
US1.JPM,D,20141205,000000,62.7000000
US1.JPM,D,20141208,000000,62.6800000
US1.JPM,D,20141209,000000,62.4400000
US1.JPM,D,20141210,000000,60.7000000
US1.JPM,D,20141211,000000,61.1500000
US1.JPM,D,20141212,000000,60.0600000
US1.JPM,D,20141215,000000,59.1500000
US1.JPM,D,20141216,000000,58.4300000
US1.JPM,D,20141217,000000,59.7700000
US1.JPM,D,20141218,000000,61.4600000
US1.JPM,D,20141219,000000,61.9500000
US1.JPM,D,20141222,000000,61.9300000
US1.JPM,D,20141223,000000,62.4700000
US1.JPM,D,20141224,000000,62.4500000
US1.JPM,D,20141226,000000,62.5500000
US1.JPM,D,20141229,000000,62.9900000
US1.JPM,D,20141230,000000,63.1600000
US1.JPM,D,20141231,000000,62.6000000
US1.JPM,D,20150102,000000,62.5000000
US1.JPM,D,20150105,000000,60.5400000
US1.JPM,D,20150106,000000,58.9900000
US1.JPM,D,20150107,000000,59.0600000
US1.JPM,D,20150108,000000,60.3900000
US1.JPM,D,20150109,000000,59.3400000
US1.JPM,D,20150112,000000,58.8200000
US1.JPM,D,20150113,000000,58.8800000
US1.JPM,D,20150114,000000,56.8000000
US1.JPM,D,20150115,000000,55.0000000
US1.JPM,D,20150116,000000,55.9700000
US1.JPM,D,20150120,000000,55.7200000
US1.JPM,D,20150121,000000,55.8900000
US1.JPM,D,20150122,000000,57.6200000
US1.JPM,D,20150123,000000,56.6900000
US1.JPM,D,20150126,000000,56.7700000
US1.JPM,D,20150127,000000,56.2200000
US1.JPM,D,20150128,000000,54.7600000
US1.JPM,D,20150129,000000,55.6700000
US1.JPM,D,20150130,000000,54.4100000
US1.JPM,D,20150202,000000,55.4800000
US1.JPM,D,20150203,000000,56.7200000
US1.JPM,D,20150204,000000,56.3800000
US1.JPM,D,20150205,000000,56.7600000
US1.JPM,D,20150206,000000,57.9000000
US1.JPM,D,20150209,000000,57.8150000
US1.JPM,D,20150210,000000,58.4400000
US1.JPM,D,20150211,000000,58.3650000
US1.JPM,D,20150212,000000,59.5400000
US1.JPM,D,20150213,000000,59.6500000
US1.JPM,D,20150217,000000,60.0800000
US1.JPM,D,20150218,000000,59.3600000
US1.JPM,D,20150219,000000,59.2200000
US1.JPM,D,20150220,000000,59.7900000
US1.JPM,D,20150223,000000,59.3500000
US1.JPM,D,20150224,000000,60.8200000
US1.JPM,D,20150225,000000,61.1500000
US1.JPM,D,20150226,000000,61.5900000
US1.JPM,D,20150227,000000,61.3000000
US1.JPM,D,20150302,000000,61.7700000
US1.JPM,D,20150303,000000,61.9700000
US1.JPM,D,20150304,000000,62.1300000
US1.JPM,D,20150305,000000,62.0000000
US1.JPM,D,20150306,000000,60.8900000
US1.JPM,D,20150309,000000,61.5100000
US1.JPM,D,20150310,000000,60.0000000
US1.JPM,D,20150311,000000,60.2400000
US1.JPM,D,20150312,000000,61.3500000
US1.JPM,D,20150313,000000,60.9900000
US1.JPM,D,20150316,000000,61.8500000
US1.JPM,D,20150317,000000,61.6400000
US1.JPM,D,20150318,000000,61.7400000
US1.JPM,D,20150319,000000,61.2200000
US1.JPM,D,20150320,000000,61.7700000
US1.JPM,D,20150323,000000,61.1250000
US1.JPM,D,20150324,000000,60.4600000
US1.JPM,D,20150325,000000,59.6350000
US1.JPM,D,20150326,000000,59.5400000
US1.JPM,D,20150327,000000,59.5500000
US1.JPM,D,20150330,000000,60.9700000
US1.JPM,D,20150331,000000,60.6900000
US1.JPM,D,20150401,000000,59.9200000
US1.JPM,D,20150402,000000,60.5200000
US1.JPM,D,20150406,000000,60.4800000
US1.JPM,D,20150407,000000,60.8500000
US1.JPM,D,20150408,000000,61.0450000
US1.JPM,D,20150409,000000,61.4600000
US1.JPM,D,20150410,000000,61.7100000
US1.JPM,D,20150413,000000,62.1400000
US1.JPM,D,20150414,000000,63.0250000
US1.JPM,D,20150415,000000,64.1950000
US1.JPM,D,20150416,000000,63.8450000
US1.JPM,D,20150417,000000,62.8400000
US1.JPM,D,20150420,000000,63.2400000
US1.JPM,D,20150421,000000,62.3000000
US1.JPM,D,20150422,000000,62.9350000
US1.JPM,D,20150423,000000,62.8300000
US1.JPM,D,20150424,000000,62.6150000
US1.JPM,D,20150427,000000,62.3500000
US1.JPM,D,20150428,000000,62.7600000
US1.JPM,D,20150429,000000,63.6150000
US1.JPM,D,20150430,000000,63.2600000
US1.JPM,D,20150501,000000,63.6000000
US1.JPM,D,20150504,000000,64.7050000
US1.JPM,D,20150505,000000,64.4150000
US1.JPM,D,20150506,000000,63.9200000
US1.JPM,D,20150507,000000,64.4700000
US1.JPM,D,20150508,000000,65.4750000
US1.JPM,D,20150511,000000,65.4600000
US1.JPM,D,20150512,000000,65.3600000
US1.JPM,D,20150513,000000,65.5400000
US1.JPM,D,20150514,000000,66.0800000
US1.JPM,D,20150515,000000,65.8450000
US1.JPM,D,20150518,000000,66.4200000
US1.JPM,D,20150519,000000,67.0300000
US1.JPM,D,20150520,000000,66.4700000
US1.JPM,D,20150521,000000,66.6700000
US1.JPM,D,20150522,000000,66.4850000
US1.JPM,D,20150526,000000,65.7300000
US1.JPM,D,20150527,000000,66.4700000
US1.JPM,D,20150528,000000,66.2050000
US1.JPM,D,20150529,000000,65.8800000
US1.JPM,D,20150601,000000,66.0700000
US1.JPM,D,20150602,000000,66.0000000
US1.JPM,D,20150603,000000,66.7100000
US1.JPM,D,20150604,000000,66.3500000
US1.JPM,D,20150605,000000,67.4100000
US1.JPM,D,20150608,000000,66.8700000
US1.JPM,D,20150609,000000,67.1700000
US1.JPM,D,20150610,000000,68.2700000
US1.JPM,D,20150611,000000,68.5500000
US1.JPM,D,20150612,000000,68.2500000
US1.JPM,D,20150615,000000,67.9900000
US1.JPM,D,20150616,000000,68.3800000
US1.JPM,D,20150617,000000,68.1350000
US1.JPM,D,20150618,000000,68.7600000
US1.JPM,D,20150619,000000,68.1700000
US1.JPM,D,20150622,000000,68.9300000
US1.JPM,D,20150623,000000,69.7500000
US1.JPM,D,20150624,000000,69.0100000
US1.JPM,D,20150625,000000,68.6800000
US1.JPM,D,20150626,000000,68.9700000
US1.JPM,D,20150629,000000,67.2450000
US1.JPM,D,20150630,000000,67.9000000
US1.JPM,D,20150701,000000,68.1000000
US1.JPM,D,20150702,000000,67.5100000
US1.JPM,D,20150706,000000,67.2850000
US1.JPM,D,20150707,000000,66.8000000
US1.JPM,D,20150708,000000,65.3800000
US1.JPM,D,20150709,000000,66.1200000
US1.JPM,D,20150710,000000,67.0300000
US1.JPM,D,20150713,000000,68.0400000
US1.JPM,D,20150714,000000,69.0500000
US1.JPM,D,20150715,000000,69.1800000
US1.JPM,D,20150716,000000,69.5700000
US1.JPM,D,20150717,000000,69.2000000
US1.JPM,D,20150720,000000,69.2200000
US1.JPM,D,20150721,000000,69.0800000
US1.JPM,D,20150722,000000,70.0600000
US1.JPM,D,20150723,000000,69.6200000
US1.JPM,D,20150724,000000,68.8850000
US1.JPM,D,20150727,000000,67.9900000
US1.JPM,D,20150728,000000,68.0400000
US1.JPM,D,20150729,000000,68.9450000
US1.JPM,D,20150730,000000,69.0450000
US1.JPM,D,20150731,000000,68.5350000
US1.JPM,D,20150803,000000,68.5500000
US1.JPM,D,20150804,000000,68.4700000
US1.JPM,D,20150805,000000,68.7600000
US1.JPM,D,20150806,000000,68.2800000
US1.JPM,D,20150807,000000,68.0600000
US1.JPM,D,20150810,000000,68.9000000
US1.JPM,D,20150811,000000,68.2500000
US1.JPM,D,20150812,000000,67.2100000
US1.JPM,D,20150813,000000,67.5600000
US1.JPM,D,20150814,000000,67.8900000
US1.JPM,D,20150817,000000,68.0500000
US1.JPM,D,20150818,000000,68.2200000
US1.JPM,D,20150819,000000,67.5900000
US1.JPM,D,20150820,000000,65.9900000
US1.JPM,D,20150821,000000,64.3300000
US1.JPM,D,20150824,000000,61.1100000
US1.JPM,D,20150826,000000,62.8800000
US1.JPM,D,20150827,000000,64.5400000
US1.JPM,D,20150828,000000,64.1100000
US1.JPM,D,20150831,000000,64.1100000
US1.JPM,D,20150901,000000,61.1600000
US1.JPM,D,20150902,000000,62.5200000
US1.JPM,D,20150903,000000,62.6700000
US1.JPM,D,20150904,000000,61.5300000
US1.JPM,D,20150908,000000,63.1500000
US1.JPM,D,20150909,000000,62.2000000
US1.JPM,D,20150910,000000,62.6100000
US1.JPM,D,20150911,000000,62.5600000
US1.JPM,D,20150914,000000,62.3700000
US1.JPM,D,20150915,000000,63.5800000
US1.JPM,D,20150916,000000,64.1250000
US1.JPM,D,20150917,000000,62.6400000
US1.JPM,D,20150918,000000,61.0000000
US1.JPM,D,20150921,000000,61.4600000
US1.JPM,D,20150922,000000,60.9000000
US1.JPM,D,20150923,000000,60.6350000
US1.JPM,D,20150924,000000,60.3300000
US1.JPM,D,20150925,000000,61.4800000
US1.JPM,D,20150928,000000,59.9800000
US1.JPM,D,20150929,000000,59.9000000
US1.JPM,D,20150930,000000,60.9400000
US1.JPM,D,20151001,000000,61.3800000
US1.JPM,D,20151002,000000,60.8250000
US1.JPM,D,20151012,000000,61.7000000
US1.JPM,D,20151013,000000,61.5500000
US1.JPM,D,20151014,000000,60.0200000
US1.JPM,D,20151015,000000,61.9000000
US1.JPM,D,20151016,000000,62.4800000
US1.JPM,D,20151019,000000,62.2400000
US1.JPM,D,20151020,000000,62.5300000
US1.JPM,D,20151021,000000,62.1100000
US1.JPM,D,20151022,000000,63.2000000
US1.JPM,D,20151023,000000,63.8800000
US1.JPM,D,20151026,000000,63.8700000
US1.JPM,D,20151027,000000,63.6500000
US1.JPM,D,20151028,000000,65.4450000
US1.JPM,D,20151029,000000,65.2000000
US1.JPM,D,20151030,000000,64.2500000
US1.JPM,D,20151102,000000,65.5300000
US1.JPM,D,20151103,000000,65.7500000
US1.JPM,D,20151104,000000,65.8500000
US1.JPM,D,20151105,000000,66.4500000
US1.JPM,D,20151106,000000,68.4200000
US1.JPM,D,20151109,000000,67.4200000
US1.JPM,D,20151110,000000,67.6200000
US1.JPM,D,20151111,000000,67.3500000
US1.JPM,D,20151112,000000,65.9800000
US1.JPM,D,20151113,000000,65.5900000
US1.JPM,D,20151116,000000,66.4700000
US1.JPM,D,20151117,000000,66.2000000
US1.JPM,D,20151118,000000,67.4300000
US1.JPM,D,20151119,000000,67.6500000
US1.JPM,D,20151120,000000,67.5000000
US1.JPM,D,20151123,000000,66.9000000
US1.JPM,D,20151124,000000,66.7800000
US1.JPM,D,20151125,000000,66.8650000
US1.JPM,D,20151127,000000,67.2200000
US1.JPM,D,20151130,000000,66.8050000
US1.JPM,D,20151201,000000,67.6500000
US1.JPM,D,20151202,000000,66.6700000
US1.JPM,D,20151203,000000,65.7200000
US1.JPM,D,20151204,000000,67.8600000
US1.JPM,D,20151207,000000,66.9950000
US1.JPM,D,20151208,000000,65.9800000
US1.JPM,D,20151209,000000,65.4400000
US1.JPM,D,20151210,000000,65.7500000
US1.JPM,D,20151211,000000,63.9500000
US1.JPM,D,20151214,000000,64.3000000
US1.JPM,D,20151215,000000,66.1200000
US1.JPM,D,20151216,000000,67.5500000
US1.JPM,D,20151217,000000,66.2600000
US1.JPM,D,20151218,000000,64.4300000
US1.JPM,D,20151221,000000,65.5200000
US1.JPM,D,20151222,000000,65.7100000
US1.JPM,D,20151223,000000,66.7400000
US1.JPM,D,20151224,000000,66.5800000
US1.JPM,D,20151228,000000,66.3950000
US1.JPM,D,20151229,000000,67.0700000
US1.JPM,D,20151230,000000,66.5800000
US1.JPM,D,20151231,000000,66.0900000
US1.JPM,D,20160104,000000,63.6950000
US1.JPM,D,20160105,000000,63.7400000
US1.JPM,D,20160106,000000,62.8300000
US1.JPM,D,20160107,000000,60.2900000
US1.JPM,D,20160108,000000,58.8700000
US1.JPM,D,20160111,000000,58.8400000
US1.JPM,D,20160112,000000,59.0400000
US1.JPM,D,20160113,000000,57.3800000
US1.JPM,D,20160114,000000,58.2500000
US1.JPM,D,20160115,000000,57.0300000
US1.JPM,D,20160119,000000,57.0100000
US1.JPM,D,20160120,000000,55.5200000
US1.JPM,D,20160121,000000,55.2500000
US1.JPM,D,20160122,000000,56.9250000
US1.JPM,D,20160125,000000,55.6500000
US1.JPM,D,20160126,000000,57.0800000
US1.JPM,D,20160127,000000,57.0500000
US1.JPM,D,20160128,000000,57.2500000
US1.JPM,D,20160129,000000,59.3200000
US1.JPM,D,20160201,000000,58.8500000
US1.JPM,D,20160202,000000,57.0300000
US1.JPM,D,20160203,000000,57.3300000
US1.JPM,D,20160205,000000,57.6350000
US1.JPM,D,20160208,000000,56.5500000
US1.JPM,D,20160209,000000,56.2300000
US1.JPM,D,20160210,000000,55.5000000
US1.JPM,D,20160211,000000,53.0300000
US1.JPM,D,20160212,000000,57.4500000
US1.JPM,D,20160216,000000,58.3600000
US1.JPM,D,20160217,000000,58.7700000
US1.JPM,D,20160218,000000,57.8100000
US1.JPM,D,20160219,000000,57.8200000
US1.JPM,D,20160222,000000,58.5500000
US1.JPM,D,20160223,000000,56.1200000
US1.JPM,D,20160224,000000,56.1750000
US1.JPM,D,20160225,000000,57.0300000
US1.JPM,D,20160226,000000,57.5450000
US1.JPM,D,20160229,000000,56.3000000
US1.JPM,D,20160301,000000,59.1800000
US1.JPM,D,20160302,000000,59.7500000
US1.JPM,D,20160303,000000,59.9600000
US1.JPM,D,20160304,000000,60.0500000
US1.JPM,D,20160307,000000,59.9100000
US1.JPM,D,20160308,000000,58.7750000
US1.JPM,D,20160309,000000,59.1100000
US1.JPM,D,20160310,000000,58.6000000
US1.JPM,D,20160311,000000,59.3500000
US1.JPM,D,20160314,000000,59.1200000
US1.JPM,D,20160315,000000,59.1800000
US1.JPM,D,20160316,000000,58.9200000
US1.JPM,D,20160317,000000,58.7700000
US1.JPM,D,20160318,000000,60.5000000
US1.JPM,D,20160322,000000,60.2500000
US1.JPM,D,20160323,000000,59.9400000
US1.JPM,D,20160324,000000,59.4600000
US1.JPM,D,20160328,000000,59.4200000
US1.JPM,D,20160329,000000,59.0600000
US1.JPM,D,20160330,000000,59.7200000
US1.JPM,D,20160331,000000,59.2250000
US1.JPM,D,20160401,000000,59.8800000
US1.JPM,D,20160404,000000,59.1900000
US1.JPM,D,20160405,000000,58.3600000
US1.JPM,D,20160406,000000,58.8200000
US1.JPM,D,20160407,000000,57.3300000
US1.JPM,D,20160408,000000,57.7400000
US1.JPM,D,20160411,000000,58.2300000
US1.JPM,D,20160412,000000,59.3300000
US1.JPM,D,20160413,000000,61.7800000
US1.JPM,D,20160414,000000,62.5700000
US1.JPM,D,20160415,000000,61.8700000
US1.JPM,D,20160418,000000,62.2800000
US1.JPM,D,20160419,000000,63.3200000
US1.JPM,D,20160420,000000,64.2200000
US1.JPM,D,20160421,000000,63.6200000
US1.JPM,D,20160422,000000,63.9800000
US1.JPM,D,20160425,000000,63.6200000
US1.JPM,D,20160426,000000,63.9200000
US1.JPM,D,20160427,000000,64.1300000
US1.JPM,D,20160428,000000,63.6300000
US1.JPM,D,20160429,000000,63.2300000
US1.JPM,D,20160502,000000,63.7900000
US1.JPM,D,20160503,000000,62.5500000
US1.JPM,D,20160504,000000,61.5600000
US1.JPM,D,20160505,000000,61.2300000
US1.JPM,D,20160506,000000,61.6000000
US1.JPM,D,20160509,000000,61.2200000
US1.JPM,D,20160510,000000,62.0450000
US1.JPM,D,20160511,000000,61.8200000
US1.JPM,D,20160512,000000,61.7900000
US1.JPM,D,20160513,000000,61.2050000
US1.JPM,D,20160516,000000,61.6700000
US1.JPM,D,20160517,000000,61.6500000
US1.JPM,D,20160518,000000,64.0700000
US1.JPM,D,20160519,000000,63.3900000
US1.JPM,D,20160520,000000,63.5100000
US1.JPM,D,20160523,000000,63.4700000
US1.JPM,D,20160524,000000,64.5200000
US1.JPM,D,20160525,000000,65.5000000
US1.JPM,D,20160526,000000,65.0250000
US1.JPM,D,20160527,000000,65.4000000
US1.JPM,D,20160531,000000,65.2300000
US1.JPM,D,20160601,000000,65.6900000
US1.JPM,D,20160602,000000,65.8100000
US1.JPM,D,20160603,000000,64.6300000
US1.JPM,D,20160606,000000,65.2900000
US1.JPM,D,20160607,000000,65.0700000
US1.JPM,D,20160608,000000,65.2200000
US1.JPM,D,20160609,000000,64.7600000
US1.JPM,D,20160610,000000,63.8500000
US1.JPM,D,20160613,000000,63.2700000
US1.JPM,D,20160614,000000,62.0950000
US1.JPM,D,20160615,000000,61.9800000
US1.JPM,D,20160616,000000,62.2500000
US1.JPM,D,20160617,000000,62.2600000
US1.JPM,D,20160620,000000,62.3900000
US1.JPM,D,20160621,000000,62.9400000
US1.JPM,D,20160622,000000,62.7100000
US1.JPM,D,20160623,000000,64.0400000
US1.JPM,D,20160624,000000,59.6000000
US1.JPM,D,20160627,000000,57.6100000
US1.JPM,D,20160628,000000,59.5000000
US1.JPM,D,20160629,000000,61.1950000
US1.JPM,D,20160630,000000,62.1700000
US1.JPM,D,20160701,000000,61.2700000
US1.JPM,D,20160705,000000,59.5300000
US1.JPM,D,20160706,000000,60.2000000
US1.JPM,D,20160707,000000,60.5650000
US1.JPM,D,20160708,000000,61.8100000
US1.JPM,D,20160711,000000,62.2900000
US1.JPM,D,20160712,000000,63.2100000
US1.JPM,D,20160713,000000,63.1300000
US1.JPM,D,20160714,000000,64.1100000
US1.JPM,D,20160715,000000,64.1500000
US1.JPM,D,20160718,000000,63.9500000
US1.JPM,D,20160719,000000,63.8700000
US1.JPM,D,20160720,000000,63.9400000
US1.JPM,D,20160721,000000,63.7000000
US1.JPM,D,20160722,000000,64.0300000
US1.JPM,D,20160725,000000,63.8800000
US1.JPM,D,20160726,000000,64.1200000
US1.JPM,D,20160727,000000,64.3500000
US1.JPM,D,20160728,000000,64.1000000
US1.JPM,D,20160729,000000,63.9500000
US1.JPM,D,20160801,000000,63.7900000
US1.JPM,D,20160802,000000,63.6500000
US1.JPM,D,20160803,000000,64.6600000
US1.JPM,D,20160804,000000,64.5800000
US1.JPM,D,20160805,000000,66.2800000
US1.JPM,D,20160808,000000,66.0900000
US1.JPM,D,20160809,000000,65.8800000
US1.JPM,D,20160810,000000,65.2900000
US1.JPM,D,20160811,000000,65.4500000
US1.JPM,D,20160812,000000,65.3200000
US1.JPM,D,20160815,000000,65.7200000
US1.JPM,D,20160816,000000,65.7200000
US1.JPM,D,20160817,000000,65.8800000
US1.JPM,D,20160818,000000,65.9400000
US1.JPM,D,20160819,000000,65.8400000
US1.JPM,D,20160823,000000,65.7800000
US1.JPM,D,20160824,000000,65.9600000
US1.JPM,D,20160825,000000,66.1000000
US1.JPM,D,20160826,000000,66.2200000
US1.JPM,D,20160829,000000,66.9550000
US1.JPM,D,20160830,000000,67.5050000
US1.JPM,D,20160831,000000,67.4800000
US1.JPM,D,20160901,000000,67.2100000
US1.JPM,D,20160902,000000,67.5100000
US1.JPM,D,20160906,000000,67.4600000
US1.JPM,D,20160907,000000,67.1700000
US1.JPM,D,20160908,000000,67.2600000
US1.JPM,D,20160909,000000,66.6700000
US1.JPM,D,20160912,000000,67.0800000
US1.JPM,D,20160913,000000,66.5700000
US1.JPM,D,20160914,000000,66.4200000
US1.JPM,D,20160915,000000,66.6300000
US1.JPM,D,20160916,000000,65.8200000
US1.JPM,D,20160919,000000,66.1900000
US1.JPM,D,20160920,000000,66.4400000
US1.JPM,D,20160921,000000,66.8500000
US1.JPM,D,20160922,000000,67.3800000
US1.JPM,D,20160923,000000,67.2900000
US1.JPM,D,20160926,000000,65.8200000
US1.JPM,D,20160927,000000,66.3600000
US1.JPM,D,20160928,000000,66.7000000
US1.JPM,D,20160929,000000,65.6500000
US1.JPM,D,20160930,000000,66.5900000
US1.JPM,D,20161003,000000,66.4900000
US1.JPM,D,20161004,000000,66.6200000
US1.JPM,D,20161005,000000,67.6900000
US1.JPM,D,20161006,000000,67.8600000
US1.JPM,D,20161007,000000,68.1100000
US1.JPM,D,20161010,000000,68.6400000
US1.JPM,D,20161011,000000,68.3300000
US1.JPM,D,20161012,000000,68.1400000
US1.JPM,D,20161013,000000,67.7900000
US1.JPM,D,20161014,000000,67.5300000
US1.JPM,D,20161017,000000,67.1600000
US1.JPM,D,20161018,000000,67.7000000
US1.JPM,D,20161019,000000,68.3600000
US1.JPM,D,20161020,000000,68.2600000
US1.JPM,D,20161021,000000,68.5000000
US1.JPM,D,20161024,000000,68.8700000
US1.JPM,D,20161025,000000,68.7950000
US1.JPM,D,20161026,000000,69.1500000
US1.JPM,D,20161027,000000,69.2400000
US1.JPM,D,20161028,000000,69.1100000
US1.JPM,D,20161031,000000,69.2700000
US1.JPM,D,20161101,000000,68.9800000
US1.JPM,D,20161102,000000,68.6900000
US1.JPM,D,20161103,000000,68.3900000
US1.JPM,D,20161104,000000,67.7800000
US1.JPM,D,20161107,000000,69.8800000
US1.JPM,D,20161108,000000,70.0300000
US1.JPM,D,20161109,000000,73.2600000
US1.JPM,D,20161110,000000,76.6600000
US1.JPM,D,20161111,000000,76.6900000
US1.JPM,D,20161114,000000,79.5650000
US1.JPM,D,20161115,000000,79.3600000
US1.JPM,D,20161116,000000,77.4000000
US1.JPM,D,20161117,000000,78.0000000
US1.JPM,D,20161118,000000,77.7000000
US1.JPM,D,20161121,000000,78.0700000
US1.JPM,D,20161122,000000,78.5300000
US1.JPM,D,20161123,000000,78.8500000
US1.JPM,D,20161125,000000,78.7700000
US1.JPM,D,20161128,000000,78.3300000
US1.JPM,D,20161129,000000,78.9300000
US1.JPM,D,20161130,000000,80.2000000
US1.JPM,D,20161201,000000,81.8100000
US1.JPM,D,20161202,000000,81.6000000
US1.JPM,D,20161205,000000,83.2500000
US1.JPM,D,20161206,000000,83.7100000
US1.JPM,D,20161207,000000,84.0300000
US1.JPM,D,20161208,000000,85.1000000
US1.JPM,D,20161209,000000,85.4700000
US1.JPM,D,20161212,000000,84.7500000
US1.JPM,D,20161213,000000,84.7600000
US1.JPM,D,20161214,000000,84.7700000
US1.JPM,D,20161215,000000,86.0200000
US1.JPM,D,20161216,000000,84.9700000
US1.JPM,D,20161219,000000,85.4300000
US1.JPM,D,20161220,000000,86.5200000
US1.JPM,D,20161221,000000,86.7500000
US1.JPM,D,20161222,000000,86.8900000
US1.JPM,D,20161223,000000,87.0400000
US1.JPM,D,20161227,000000,87.1300000
US1.JPM,D,20161228,000000,86.4900000
US1.JPM,D,20161229,000000,85.9000000
US1.JPM,D,20161230,000000,86.3300000
US1.JPM,D,20170103,000000,87.2600000
US1.JPM,D,20170104,000000,86.8800000
US1.JPM,D,20170105,000000,86.1100000
US1.JPM,D,20170106,000000,86.1300000
US1.JPM,D,20170109,000000,86.1800000
US1.JPM,D,20170110,000000,86.4300000
US1.JPM,D,20170111,000000,87.0700000
US1.JPM,D,20170112,000000,86.2600000
US1.JPM,D,20170113,000000,86.6200000
US1.JPM,D,20170117,000000,83.5700000
US1.JPM,D,20170118,000000,83.9500000
US1.JPM,D,20170119,000000,83.3100000
US1.JPM,D,20170120,000000,83.6800000
US1.JPM,D,20170123,000000,83.7200000
US1.JPM,D,20170124,000000,84.7150000
US1.JPM,D,20170125,000000,86.0300000
US1.JPM,D,20170126,000000,86.8100000
US1.JPM,D,20170127,000000,86.9300000
US1.JPM,D,20170130,000000,86.0200000
US1.JPM,D,20170131,000000,84.6400000
US1.JPM,D,20170201,000000,84.9400000
US1.JPM,D,20170202,000000,84.6000000
US1.JPM,D,20170203,000000,87.1500000
US1.JPM,D,20170206,000000,86.7800000
US1.JPM,D,20170207,000000,86.7000000
US1.JPM,D,20170208,000000,85.9500000
US1.JPM,D,20170209,000000,87.1600000
US1.JPM,D,20170210,000000,87.0100000
US1.JPM,D,20170213,000000,88.1100000
US1.JPM,D,20170214,000000,89.5000000
US1.JPM,D,20170215,000000,90.5700000
US1.JPM,D,20170216,000000,90.5100000
US1.JPM,D,20170217,000000,90.1900000
US1.JPM,D,20170221,000000,91.0000000
US1.JPM,D,20170222,000000,91.0400000
US1.JPM,D,20170223,000000,91.1300000
US1.JPM,D,20170224,000000,90.3200000
US1.JPM,D,20170227,000000,90.4400000
US1.JPM,D,20170228,000000,90.6200000
US1.JPM,D,20170301,000000,93.5700000
US1.JPM,D,20170302,000000,92.1300000
US1.JPM,D,20170303,000000,92.7600000
US1.JPM,D,20170306,000000,91.9300000
US1.JPM,D,20170307,000000,91.3900000
US1.JPM,D,20170308,000000,91.2100000
US1.JPM,D,20170309,000000,91.5700000
US1.JPM,D,20170310,000000,91.3100000
US1.JPM,D,20170313,000000,91.3900000
US1.JPM,D,20170314,000000,91.5300000
US1.JPM,D,20170315,000000,91.7200000
US1.JPM,D,20170316,000000,91.6200000
US1.JPM,D,20170317,000000,90.6500000
US1.JPM,D,20170320,000000,90.0500000
US1.JPM,D,20170321,000000,87.3800000
US1.JPM,D,20170322,000000,87.5500000
US1.JPM,D,20170323,000000,87.4000000
US1.JPM,D,20170324,000000,87.2900000
US1.JPM,D,20170327,000000,87.2500000
US1.JPM,D,20170328,000000,88.6000000
US1.JPM,D,20170329,000000,88.2300000
US1.JPM,D,20170330,000000,89.0250000
US1.JPM,D,20170331,000000,87.8500000
US1.JPM,D,20170403,000000,87.5400000
US1.JPM,D,20170404,000000,87.3200000
US1.JPM,D,20170405,000000,86.1900000
US1.JPM,D,20170406,000000,86.5100000
US1.JPM,D,20170407,000000,86.1800000
US1.JPM,D,20170410,000000,85.8700000
US1.JPM,D,20170411,000000,85.7300000
US1.JPM,D,20170412,000000,85.3700000
US1.JPM,D,20170413,000000,84.4100000
US1.JPM,D,20170417,000000,85.8350000
US1.JPM,D,20170418,000000,85.1600000
US1.JPM,D,20170419,000000,84.4600000
US1.JPM,D,20170420,000000,85.5600000
US1.JPM,D,20170421,000000,84.5400000
US1.JPM,D,20170424,000000,87.4900000
US1.JPM,D,20170425,000000,88.2800000
US1.JPM,D,20170426,000000,88.4200000
US1.JPM,D,20170427,000000,87.6200000
US1.JPM,D,20170428,000000,86.9800000
US1.JPM,D,20170501,000000,87.0700000
US1.JPM,D,20170502,000000,86.4500000
US1.JPM,D,20170503,000000,86.9900000
US1.JPM,D,20170504,000000,87.1000000
US1.JPM,D,20170505,000000,86.9800000
US1.JPM,D,20170508,000000,87.0700000
US1.JPM,D,20170509,000000,86.7100000
US1.JPM,D,20170510,000000,87.4200000
US1.JPM,D,20170511,000000,87.1400000
US1.JPM,D,20170512,000000,86.9100000
US1.JPM,D,20170515,000000,87.3300000
US1.JPM,D,20170516,000000,87.6100000
US1.JPM,D,20170517,000000,84.2300000
US1.JPM,D,20170518,000000,84.0000000
US1.JPM,D,20170519,000000,84.7600000
US1.JPM,D,20170522,000000,84.7000000
US1.JPM,D,20170523,000000,85.7800000
US1.JPM,D,20170524,000000,85.7000000
US1.JPM,D,20170525,000000,85.3300000
US1.JPM,D,20170526,000000,85.3400000
US1.JPM,D,20170530,000000,83.8900000
US1.JPM,D,20170531,000000,82.1700000
US1.JPM,D,20170601,000000,83.0700000
US1.JPM,D,20170602,000000,82.5400000
US1.JPM,D,20170605,000000,82.7900000
US1.JPM,D,20170606,000000,82.9600000
US1.JPM,D,20170607,000000,83.8800000
US1.JPM,D,20170608,000000,84.9600000
US1.JPM,D,20170609,000000,86.9500000
US1.JPM,D,20170612,000000,86.9900000
US1.JPM,D,20170613,000000,87.2600000
US1.JPM,D,20170614,000000,87.0800000
US1.JPM,D,20170615,000000,86.5600000
US1.JPM,D,20170616,000000,86.1800000
US1.JPM,D,20170619,000000,88.0100000
US1.JPM,D,20170620,000000,87.5300000
US1.JPM,D,20170621,000000,87.1400000
US1.JPM,D,20170622,000000,87.0500000
US1.JPM,D,20170623,000000,86.8400000
US1.JPM,D,20170626,000000,87.2600000
US1.JPM,D,20170627,000000,88.0800000
US1.JPM,D,20170628,000000,89.8100000
US1.JPM,D,20170629,000000,91.1600000
US1.JPM,D,20170630,000000,91.4100000
US1.JPM,D,20170703,000000,92.7400000
US1.JPM,D,20170705,000000,93.6700000
US1.JPM,D,20170706,000000,93.3900000
US1.JPM,D,20170707,000000,93.8400000
US1.JPM,D,20170710,000000,93.2000000
US1.JPM,D,20170711,000000,92.7900000
US1.JPM,D,20170712,000000,92.5400000
US1.JPM,D,20170713,000000,93.1800000
US1.JPM,D,20170714,000000,92.2200000
US1.JPM,D,20170717,000000,91.3600000
US1.JPM,D,20170718,000000,91.0500000
US1.JPM,D,20170719,000000,91.2000000
US1.JPM,D,20170720,000000,91.2400000
US1.JPM,D,20170721,000000,90.8700000
US1.JPM,D,20170724,000000,91.3500000
US1.JPM,D,20170725,000000,92.8100000
US1.JPM,D,20170726,000000,91.9100000
US1.JPM,D,20170727,000000,91.5300000
US1.JPM,D,20170728,000000,91.2500000
US1.JPM,D,20170731,000000,91.8100000
US1.JPM,D,20170801,000000,92.9900000
US1.JPM,D,20170802,000000,93.0800000
US1.JPM,D,20170803,000000,92.4600000
US1.JPM,D,20170804,000000,93.6350000
US1.JPM,D,20170807,000000,94.0100000
US1.JPM,D,20170808,000000,93.6800000
US1.JPM,D,20170809,000000,93.5100000
US1.JPM,D,20170810,000000,92.1800000
US1.JPM,D,20170811,000000,91.4500000
US1.JPM,D,20170814,000000,92.4500000
US1.JPM,D,20170815,000000,92.7300000
US1.JPM,D,20170816,000000,92.0700000
US1.JPM,D,20170817,000000,90.7000000
US1.JPM,D,20170818,000000,90.7600000
US1.JPM,D,20170821,000000,90.6100000
US1.JPM,D,20170822,000000,91.5700000
US1.JPM,D,20170823,000000,91.6800000
US1.JPM,D,20170824,000000,91.5000000
US1.JPM,D,20170825,000000,91.9000000
US1.JPM,D,20170828,000000,91.5950000
US1.JPM,D,20170829,000000,91.0900000
US1.JPM,D,20170830,000000,91.3200000
US1.JPM,D,20170831,000000,90.8900000
US1.JPM,D,20170901,000000,91.7200000
US1.JPM,D,20170905,000000,89.5400000
US1.JPM,D,20170906,000000,90.1300000
US1.JPM,D,20170907,000000,88.5300000
US1.JPM,D,20170908,000000,88.4000000
US1.JPM,D,20170911,000000,89.7000000
US1.JPM,D,20170912,000000,90.9000000
US1.JPM,D,20170913,000000,91.1400000
US1.JPM,D,20170914,000000,91.0300000
US1.JPM,D,20170915,000000,91.5600000
US1.JPM,D,20170918,000000,92.9300000
US1.JPM,D,20170919,000000,93.9500000
US1.JPM,D,20170920,000000,94.5400000
US1.JPM,D,20170921,000000,95.0400000
US1.JPM,D,20170922,000000,94.7800000
US1.JPM,D,20170925,000000,94.1000000
US1.JPM,D,20170926,000000,93.7100000
US1.JPM,D,20170927,000000,95.1750000
US1.JPM,D,20170928,000000,95.3500000
US1.JPM,D,20170929,000000,95.4800000
US1.JPM,D,20171002,000000,96.8300000
US1.JPM,D,20171003,000000,97.3800000
US1.JPM,D,20171004,000000,96.3500000
US1.JPM,D,20171005,000000,97.0800000
US1.JPM,D,20171006,000000,96.9100000
US1.JPM,D,20171009,000000,96.3900000
US1.JPM,D,20171010,000000,97.1600000
US1.JPM,D,20171011,000000,96.7500000
US1.JPM,D,20171012,000000,95.9600000
US1.JPM,D,20171013,000000,95.8700000
US1.JPM,D,20171016,000000,97.8600000
US1.JPM,D,20171017,000000,97.6200000
US1.JPM,D,20171018,000000,98.0000000
US1.JPM,D,20171019,000000,98.1400000
US1.JPM,D,20171020,000000,99.5100000
US1.JPM,D,20171023,000000,99.3500000
US1.JPM,D,20171024,000000,100.9200000
US1.JPM,D,20171025,000000,101.0400000
US1.JPM,D,20171026,000000,101.7400000
US1.JPM,D,20171027,000000,101.7700000
US1.JPM,D,20171030,000000,101.3800000
US1.JPM,D,20171031,000000,100.6000000
US1.JPM,D,20171101,000000,100.9100000
US1.JPM,D,20171102,000000,101.5600000
US1.JPM,D,20171103,000000,101.4000000
US1.JPM,D,20171106,000000,100.7700000
US1.JPM,D,20171107,000000,98.7400000
US1.JPM,D,20171108,000000,97.6400000
US1.JPM,D,20171109,000000,97.6000000
US1.JPM,D,20171110,000000,97.5100000
US1.JPM,D,20171113,000000,97.8600000
US1.JPM,D,20171114,000000,97.2600000
US1.JPM,D,20171115,000000,98.1900000
US1.JPM,D,20171116,000000,98.5000000
US1.JPM,D,20171117,000000,98.1300000
US1.JPM,D,20171120,000000,99.0200000
US1.JPM,D,20171121,000000,98.9800000
US1.JPM,D,20171122,000000,98.6100000
US1.JPM,D,20171124,000000,98.3100000
US1.JPM,D,20171127,000000,97.9300000
US1.JPM,D,20171128,000000,101.2900000
US1.JPM,D,20171129,000000,103.7300000
US1.JPM,D,20171130,000000,104.5300000
US1.JPM,D,20171201,000000,104.7700000
US1.JPM,D,20171204,000000,106.9500000
US1.JPM,D,20171205,000000,105.7100000
US1.JPM,D,20171206,000000,104.9800000
US1.JPM,D,20171207,000000,104.6300000
US1.JPM,D,20171208,000000,105.9300000
US1.JPM,D,20171211,000000,105.6000000
US1.JPM,D,20171212,000000,106.8800000
US1.JPM,D,20171213,000000,105.5400000
US1.JPM,D,20171214,000000,104.6700000
US1.JPM,D,20171215,000000,106.0600000
US1.JPM,D,20171218,000000,106.9900000
US1.JPM,D,20171219,000000,106.5100000
US1.JPM,D,20171220,000000,106.1500000
US1.JPM,D,20171221,000000,107.8400000
US1.JPM,D,20171222,000000,107.4800000
US1.JPM,D,20171226,000000,107.0200000
US1.JPM,D,20171227,000000,107.2100000
US1.JPM,D,20171228,000000,107.7800000
US1.JPM,D,20171229,000000,107.2100000
US1.JPM,D,20180102,000000,108.0000000
US1.JPM,D,20180103,000000,108.0400000
US1.JPM,D,20180104,000000,109.0500000
US1.JPM,D,20180105,000000,108.2600000
US1.JPM,D,20180108,000000,108.4700000
US1.JPM,D,20180109,000000,109.1400000
US1.JPM,D,20180110,000000,110.2000000
US1.JPM,D,20180111,000000,110.8100000
US1.JPM,D,20180112,000000,112.6700000
US1.JPM,D,20180116,000000,112.2300000
US1.JPM,D,20180117,000000,113.0300000
US1.JPM,D,20180118,000000,113.2800000
US1.JPM,D,20180119,000000,113.0100000
US1.JPM,D,20180122,000000,114.3800000
US1.JPM,D,20180123,000000,114.2300000
US1.JPM,D,20180124,000000,115.7200000
US1.JPM,D,20180125,000000,115.7200000
US1.JPM,D,20180126,000000,116.1200000
US1.JPM,D,20180129,000000,116.1900000
US1.JPM,D,20180130,000000,115.1200000
US1.JPM,D,20180131,000000,115.6550000
US1.JPM,D,20180201,000000,116.8700000
US1.JPM,D,20180202,000000,114.2200000
US1.JPM,D,20180205,000000,108.7000000
US1.JPM,D,20180206,000000,112.1300000
US1.JPM,D,20180207,000000,112.8800000
US1.JPM,D,20180208,000000,107.9300000
US1.JPM,D,20180209,000000,110.1300000
US1.JPM,D,20180212,000000,111.7500000
US1.JPM,D,20180213,000000,112.4700000
US1.JPM,D,20180214,000000,115.0600000
US1.JPM,D,20180215,000000,115.5100000
US1.JPM,D,20180216,000000,114.7100000
US1.JPM,D,20180220,000000,114.6600000
US1.JPM,D,20180221,000000,115.2000000
US1.JPM,D,20180222,000000,114.9900000
US1.JPM,D,20180223,000000,117.3600000
US1.JPM,D,20180226,000000,118.8400000
US1.JPM,D,20180227,000000,117.3700000
US1.JPM,D,20180228,000000,115.3800000
US1.JPM,D,20180301,000000,113.3400000
US1.JPM,D,20180302,000000,113.2800000
US1.JPM,D,20180305,000000,115.0700000
US1.JPM,D,20180306,000000,115.1700000
US1.JPM,D,20180307,000000,114.7200000
US1.JPM,D,20180308,000000,114.7400000
US1.JPM,D,20180309,000000,118.0000000
US1.JPM,D,20180312,000000,117.6700000
US1.JPM,D,20180313,000000,116.2000000
US1.JPM,D,20180314,000000,115.0100000
US1.JPM,D,20180315,000000,115.2500000
US1.JPM,D,20180316,000000,115.4000000
US1.JPM,D,20180319,000000,114.5600000
US1.JPM,D,20180320,000000,114.6600000
US1.JPM,D,20180321,000000,114.7400000
US1.JPM,D,20180322,000000,109.9300000
US1.JPM,D,20180323,000000,107.0100000
US1.JPM,D,20180326,000000,110.3500000
US1.JPM,D,20180327,000000,108.2100000
US1.JPM,D,20180328,000000,107.9600000
US1.JPM,D,20180329,000000,109.9600000
US1.JPM,D,20180402,000000,107.7300000
US1.JPM,D,20180403,000000,109.3300000
US1.JPM,D,20180404,000000,110.9500000
US1.JPM,D,20180405,000000,111.8000000
US1.JPM,D,20180406,000000,109.0400000
US1.JPM,D,20180409,000000,110.4300000
US1.JPM,D,20180410,000000,112.5100000
US1.JPM,D,20180411,000000,110.6400000
US1.JPM,D,20180412,000000,113.3800000
US1.JPM,D,20180413,000000,110.2900000
US1.JPM,D,20180416,000000,110.2000000
US1.JPM,D,20180417,000000,110.2100000
US1.JPM,D,20180418,000000,109.3100000
US1.JPM,D,20180419,000000,111.7300000
US1.JPM,D,20180420,000000,111.4500000
US1.JPM,D,20180423,000000,110.9300000
US1.JPM,D,20180424,000000,110.3400000
US1.JPM,D,20180425,000000,109.9300000
US1.JPM,D,20180426,000000,110.1100000
US1.JPM,D,20180427,000000,109.4000000
US1.JPM,D,20180430,000000,108.7900000
US1.JPM,D,20180501,000000,108.7800000
US1.JPM,D,20180502,000000,107.9000000
US1.JPM,D,20180503,000000,107.2600000
US1.JPM,D,20180504,000000,108.4400000
US1.JPM,D,20180507,000000,109.3600000
US1.JPM,D,20180508,000000,110.9500000
US1.JPM,D,20180509,000000,113.4100000
US1.JPM,D,20180510,000000,114.2600000
US1.JPM,D,20180511,000000,113.8800000
US1.JPM,D,20180514,000000,113.8800000
US1.JPM,D,20180515,000000,113.0100000
US1.JPM,D,20180516,000000,113.3700000
US1.JPM,D,20180517,000000,112.9600000
US1.JPM,D,20180518,000000,111.1300000
US1.JPM,D,20180521,000000,112.0900000
US1.JPM,D,20180522,000000,113.0700000
US1.JPM,D,20180523,000000,112.4700000
US1.JPM,D,20180524,000000,111.2200000
US1.JPM,D,20180525,000000,110.6400000
US1.JPM,D,20180529,000000,105.9350000
US1.JPM,D,20180530,000000,108.3300000
US1.JPM,D,20180531,000000,107.0200000
US1.JPM,D,20180601,000000,108.3600000
US1.JPM,D,20180604,000000,108.4100000
US1.JPM,D,20180605,000000,107.8800000
US1.JPM,D,20180606,000000,110.3700000
US1.JPM,D,20180607,000000,110.7700000
US1.JPM,D,20180608,000000,111.0900000
US1.JPM,D,20180611,000000,110.8400000
US1.JPM,D,20180612,000000,110.1700000
US1.JPM,D,20180613,000000,110.0100000
US1.JPM,D,20180614,000000,108.0400000
US1.JPM,D,20180615,000000,107.8800000
US1.JPM,D,20180618,000000,108.1850000
US1.JPM,D,20180619,000000,107.5800000
US1.JPM,D,20180620,000000,107.5800000
US1.JPM,D,20180621,000000,107.5200000
US1.JPM,D,20180622,000000,105.6800000
US1.JPM,D,20180625,000000,104.7700000
US1.JPM,D,20180626,000000,104.8300000
US1.JPM,D,20180627,000000,103.2500000
US1.JPM,D,20180628,000000,104.9400000
US1.JPM,D,20180629,000000,104.3200000
US1.JPM,D,20180702,000000,105.0400000
US1.JPM,D,20180703,000000,103.8100000
US1.JPM,D,20180705,000000,103.7800000
US1.JPM,D,20180706,000000,104.0600000
US1.JPM,D,20180709,000000,107.3000000
US1.JPM,D,20180710,000000,106.6000000
US1.JPM,D,20180711,000000,106.4200000
US1.JPM,D,20180712,000000,106.8200000
US1.JPM,D,20180713,000000,106.3600000
US1.JPM,D,20180716,000000,110.5400000
US1.JPM,D,20180717,000000,110.5100000
US1.JPM,D,20180718,000000,111.5200000
US1.JPM,D,20180719,000000,109.8700000
US1.JPM,D,20180720,000000,111.2800000
US1.JPM,D,20180723,000000,113.4000000
US1.JPM,D,20180724,000000,114.1400000
US1.JPM,D,20180725,000000,115.1600000
US1.JPM,D,20180726,000000,114.8400000
US1.JPM,D,20180727,000000,116.0400000
US1.JPM,D,20180730,000000,116.7200000
US1.JPM,D,20180731,000000,114.9000000
US1.JPM,D,20180801,000000,115.6500000
US1.JPM,D,20180802,000000,116.1600000
US1.JPM,D,20180803,000000,117.0900000
US1.JPM,D,20180806,000000,117.1200000
US1.JPM,D,20180807,000000,117.5350000
US1.JPM,D,20180808,000000,117.7900000
US1.JPM,D,20180809,000000,116.8950000
US1.JPM,D,20180810,000000,115.6800000
US1.JPM,D,20180813,000000,113.8800000
US1.JPM,D,20180814,000000,114.6800000
US1.JPM,D,20180815,000000,113.6700000
US1.JPM,D,20180816,000000,114.7800000
US1.JPM,D,20180817,000000,114.7600000
US1.JPM,D,20180820,000000,114.6100000
US1.JPM,D,20180821,000000,115.2700000
US1.JPM,D,20180822,000000,114.9900000
US1.JPM,D,20180823,000000,114.7000000
US1.JPM,D,20180824,000000,114.6650000
US1.JPM,D,20180827,000000,116.7000000
US1.JPM,D,20180828,000000,116.1400000
US1.JPM,D,20180829,000000,115.7800000
US1.JPM,D,20180830,000000,115.1700000
US1.JPM,D,20180831,000000,114.5100000
US1.JPM,D,20180904,000000,115.1600000
US1.JPM,D,20180905,000000,114.5600000
US1.JPM,D,20180906,000000,114.1100000
US1.JPM,D,20180907,000000,114.3200000
US1.JPM,D,20180910,000000,113.7200000
US1.JPM,D,20180911,000000,114.4000000
US1.JPM,D,20180912,000000,113.0600000
US1.JPM,D,20180913,000000,113.5500000
US1.JPM,D,20180914,000000,113.5100000
US1.JPM,D,20180917,000000,113.7400000
US1.JPM,D,20180918,000000,114.4100000
US1.JPM,D,20180919,000000,117.6300000
US1.JPM,D,20180920,000000,118.6400000
US1.JPM,D,20180921,000000,117.8400000
US1.JPM,D,20180924,000000,116.7100000
US1.JPM,D,20180925,000000,116.4000000
US1.JPM,D,20180926,000000,115.0300000
US1.JPM,D,20180927,000000,114.4900000
US1.JPM,D,20180928,000000,112.8400000
US1.JPM,D,20181001,000000,113.5400000
US1.JPM,D,20181002,000000,113.9900000
US1.JPM,D,20181003,000000,115.0200000
US1.JPM,D,20181004,000000,115.2200000
US1.JPM,D,20181005,000000,114.6300000
US1.JPM,D,20181008,000000,115.3400000
US1.JPM,D,20181009,000000,114.5300000
US1.JPM,D,20181010,000000,111.6800000
US1.JPM,D,20181011,000000,108.0600000
US1.JPM,D,20181012,000000,106.9100000
US1.JPM,D,20181015,000000,106.3400000
US1.JPM,D,20181016,000000,108.6500000
US1.JPM,D,20181017,000000,109.9000000
US1.JPM,D,20181018,000000,108.1300000
US1.JPM,D,20181019,000000,107.9100000
US1.JPM,D,20181022,000000,106.3300000
US1.JPM,D,20181023,000000,105.2700000
US1.JPM,D,20181024,000000,103.3000000
US1.JPM,D,20181025,000000,104.8500000
US1.JPM,D,20181026,000000,103.4000000
US1.JPM,D,20181029,000000,104.8700000
US1.JPM,D,20181030,000000,106.7400000
US1.JPM,D,20181031,000000,109.0600000
US1.JPM,D,20181101,000000,108.9900000
US1.JPM,D,20181102,000000,108.3100000
US1.JPM,D,20181105,000000,109.1000000
US1.JPM,D,20181106,000000,109.5700000
US1.JPM,D,20181107,000000,111.4400000
US1.JPM,D,20181108,000000,112.3500000
US1.JPM,D,20181109,000000,111.2400000
US1.JPM,D,20181112,000000,108.9900000
US1.JPM,D,20181113,000000,109.5900000
US1.JPM,D,20181114,000000,107.3600000
US1.JPM,D,20181115,000000,110.0700000
US1.JPM,D,20181116,000000,110.0200000
US1.JPM,D,20181119,000000,110.8300000
US1.JPM,D,20181120,000000,108.4500000
US1.JPM,D,20181121,000000,107.6500000
US1.JPM,D,20181123,000000,106.5800000
US1.JPM,D,20181126,000000,109.2700000
US1.JPM,D,20181127,000000,109.7100000
US1.JPM,D,20181128,000000,110.9600000
US1.JPM,D,20181129,000000,110.0500000
US1.JPM,D,20181130,000000,110.9400000
US1.JPM,D,20181203,000000,112.2400000
US1.JPM,D,20181204,000000,107.3300000
US1.JPM,D,20181206,000000,105.1300000
US1.JPM,D,20181207,000000,103.3200000
US1.JPM,D,20181210,000000,101.3400000
US1.JPM,D,20181211,000000,100.3600000
US1.JPM,D,20181212,000000,101.0500000
US1.JPM,D,20181213,000000,101.1000000
US1.JPM,D,20181214,000000,100.3300000
US1.JPM,D,20181217,000000,99.1100000
US1.JPM,D,20181218,000000,98.5200000
US1.JPM,D,20181219,000000,97.2900000
US1.JPM,D,20181220,000000,96.3600000
US1.JPM,D,20181221,000000,94.1200000
US1.JPM,D,20181224,000000,92.2200000
US1.JPM,D,20181226,000000,95.9400000
US1.JPM,D,20181227,000000,97.0700000
US1.JPM,D,20181228,000000,96.8100000
US1.JPM,D,20181231,000000,97.7300000
US1.JPM,D,20190102,000000,99.3300000
US1.JPM,D,20190103,000000,97.0700000
US1.JPM,D,20190104,000000,100.6700000
US1.JPM,D,20190107,000000,100.7400000
US1.JPM,D,20190108,000000,100.5900000
US1.JPM,D,20190109,000000,100.4300000
US1.JPM,D,20190110,000000,100.4000000
US1.JPM,D,20190111,000000,99.9200000
US1.JPM,D,20190114,000000,100.9700000
US1.JPM,D,20190115,000000,101.7000000
US1.JPM,D,20190116,000000,102.4800000
US1.JPM,D,20190117,000000,102.9300000
US1.JPM,D,20190118,000000,104.5800000
US1.JPM,D,20190122,000000,102.9500000
US1.JPM,D,20190123,000000,102.6900000
US1.JPM,D,20190124,000000,102.7300000
US1.JPM,D,20190125,000000,103.4000000
US1.JPM,D,20190128,000000,103.8700000
US1.JPM,D,20190129,000000,104.1800000
US1.JPM,D,20190130,000000,104.3300000
US1.JPM,D,20190131,000000,103.5300000
US1.JPM,D,20190201,000000,103.8700000
US1.JPM,D,20190204,000000,104.2400000
US1.JPM,D,20190205,000000,103.7100000
US1.JPM,D,20190206,000000,103.7300000
US1.JPM,D,20190207,000000,102.3850000
US1.JPM,D,20190208,000000,101.2600000
US1.JPM,D,20190211,000000,100.8800000
US1.JPM,D,20190212,000000,102.6000000
US1.JPM,D,20190213,000000,103.0900000
US1.JPM,D,20190214,000000,102.4100000
US1.JPM,D,20190215,000000,105.5100000
US1.JPM,D,20190219,000000,105.2100000
US1.JPM,D,20190220,000000,105.7400000
US1.JPM,D,20190221,000000,105.4450000
US1.JPM,D,20190222,000000,105.0000000
US1.JPM,D,20190225,000000,106.0700000
US1.JPM,D,20190226,000000,105.2600000
US1.JPM,D,20190227,000000,105.1500000
US1.JPM,D,20190228,000000,104.2600000
US1.JPM,D,20190301,000000,104.4200000
US1.JPM,D,20190304,000000,104.2300000
US1.JPM,D,20190305,000000,104.1250000
US1.JPM,D,20190306,000000,103.7300000
US1.JPM,D,20190307,000000,103.0000000
US1.JPM,D,20190308,000000,103.0300000
US1.JPM,D,20190311,000000,104.3850000
US1.JPM,D,20190312,000000,104.0600000
US1.JPM,D,20190313,000000,104.3800000
US1.JPM,D,20190314,000000,105.3500000
US1.JPM,D,20190315,000000,106.5300000
US1.JPM,D,20190318,000000,107.1600000
US1.JPM,D,20190319,000000,106.8400000
US1.JPM,D,20190320,000000,104.5050000
US1.JPM,D,20190321,000000,102.8700000
US1.JPM,D,20190322,000000,99.7500000
US1.JPM,D,20190325,000000,98.9200000
US1.JPM,D,20190326,000000,99.9200000
US1.JPM,D,20190327,000000,99.5800000
US1.JPM,D,20190328,000000,100.7200000
US1.JPM,D,20190329,000000,101.2800000
US1.JPM,D,20190401,000000,104.6100000
US1.JPM,D,20190402,000000,105.1500000
US1.JPM,D,20190403,000000,105.3500000
US1.JPM,D,20190404,000000,105.5600000
US1.JPM,D,20190405,000000,105.3100000
US1.JPM,D,20190408,000000,105.6400000
US1.JPM,D,20190409,000000,104.8900000
US1.JPM,D,20190410,000000,105.4100000
US1.JPM,D,20190411,000000,106.2800000
US1.JPM,D,20190412,000000,111.2000000
US1.JPM,D,20190415,000000,109.9200000
US1.JPM,D,20190416,000000,111.1100000
US1.JPM,D,20190417,000000,114.2900000
US1.JPM,D,20190418,000000,113.4500000
US1.JPM,D,20190422,000000,113.6000000
US1.JPM,D,20190423,000000,113.7400000
US1.JPM,D,20190424,000000,113.5600000
US1.JPM,D,20190425,000000,113.6300000
US1.JPM,D,20190426,000000,114.4400000
US1.JPM,D,20190429,000000,116.1100000
US1.JPM,D,20190430,000000,116.0300000
US1.JPM,D,20190501,000000,115.1300000
US1.JPM,D,20190502,000000,115.4400000
US1.JPM,D,20190503,000000,116.0900000
US1.JPM,D,20190506,000000,115.0900000
US1.JPM,D,20190507,000000,113.1700000
US1.JPM,D,20190508,000000,112.5700000
US1.JPM,D,20190509,000000,112.5000000
US1.JPM,D,20190510,000000,112.5500000
US1.JPM,D,20190513,000000,109.4400000
US1.JPM,D,20190514,000000,110.3400000
US1.JPM,D,20190515,000000,109.9000000
US1.JPM,D,20190516,000000,111.2600000
US1.JPM,D,20190517,000000,110.7400000
US1.JPM,D,20190520,000000,111.3100000
US1.JPM,D,20190521,000000,111.7400000
US1.JPM,D,20190522,000000,110.8000000
US1.JPM,D,20190523,000000,108.6300000
US1.JPM,D,20190524,000000,109.7700000
US1.JPM,D,20190528,000000,108.4600000
US1.JPM,D,20190529,000000,108.1800000
US1.JPM,D,20190530,000000,107.0700000
US1.JPM,D,20190531,000000,105.9400000
US1.JPM,D,20190603,000000,106.3800000
US1.JPM,D,20190604,000000,109.7800000
US1.JPM,D,20190605,000000,110.1300000
US1.JPM,D,20190606,000000,110.4200000
US1.JPM,D,20190607,000000,109.1300000
US1.JPM,D,20190610,000000,110.3300000
US1.JPM,D,20190611,000000,110.6900000
US1.JPM,D,20190612,000000,109.2900000
US1.JPM,D,20190613,000000,109.4300000
US1.JPM,D,20190614,000000,109.8400000
US1.JPM,D,20190617,000000,109.2000000
US1.JPM,D,20190618,000000,110.7500000
US1.JPM,D,20190619,000000,109.8700000
US1.JPM,D,20190620,000000,110.2300000
US1.JPM,D,20190621,000000,109.6700000
US1.JPM,D,20190624,000000,108.6200000
US1.JPM,D,20190625,000000,107.7800000
US1.JPM,D,20190626,000000,108.4700000
US1.JPM,D,20190627,000000,108.8100000
US1.JPM,D,20190628,000000,111.7900000
US1.JPM,D,20190701,000000,113.7000000
US1.JPM,D,20190702,000000,113.8200000
US1.JPM,D,20190703,000000,112.8200000
US1.JPM,D,20190705,000000,113.4600000
US1.JPM,D,20190708,000000,112.8800000
US1.JPM,D,20190709,000000,113.3600000
US1.JPM,D,20190710,000000,112.9700000
US1.JPM,D,20190711,000000,114.0900000
US1.JPM,D,20190712,000000,115.3100000
US1.JPM,D,20190715,000000,113.8800000
US1.JPM,D,20190716,000000,115.1000000
US1.JPM,D,20190717,000000,114.0000000
US1.JPM,D,20190718,000000,114.6800000
US1.JPM,D,20190719,000000,113.5700000
US1.JPM,D,20190722,000000,114.2900000
US1.JPM,D,20190723,000000,116.3350000
US1.JPM,D,20190724,000000,116.8000000
US1.JPM,D,20190725,000000,115.7800000
US1.JPM,D,20190726,000000,116.2200000
US1.JPM,D,20190729,000000,115.8600000
US1.JPM,D,20190730,000000,115.5800000
US1.JPM,D,20190731,000000,116.0000000
US1.JPM,D,20190801,000000,113.0200000
US1.JPM,D,20190802,000000,112.9100000
US1.JPM,D,20190805,000000,109.5500000
US1.JPM,D,20190806,000000,110.4100000
US1.JPM,D,20190807,000000,108.0500000
US1.JPM,D,20190808,000000,109.8900000
US1.JPM,D,20190809,000000,109.7400000
US1.JPM,D,20190812,000000,107.4300000
US1.JPM,D,20190813,000000,109.3400000
US1.JPM,D,20190814,000000,104.7400000
US1.JPM,D,20190815,000000,105.2000000
US1.JPM,D,20190816,000000,107.7300000
US1.JPM,D,20190819,000000,108.6700000
US1.JPM,D,20190820,000000,107.2700000
US1.JPM,D,20190821,000000,107.5900000
US1.JPM,D,20190822,000000,108.7400000
US1.JPM,D,20190823,000000,106.0500000
US1.JPM,D,20190826,000000,106.7700000
US1.JPM,D,20190827,000000,105.6800000
US1.JPM,D,20190828,000000,106.8500000
US1.JPM,D,20190829,000000,109.2100000
US1.JPM,D,20190830,000000,109.7700000
US1.JPM,D,20190903,000000,108.4600000
US1.JPM,D,20190904,000000,109.8100000
US1.JPM,D,20190905,000000,112.3100000
US1.JPM,D,20190906,000000,112.6400000
US1.JPM,D,20190909,000000,115.4000000
US1.JPM,D,20190910,000000,116.7500000
US1.JPM,D,20190911,000000,117.1700000
US1.JPM,D,20190912,000000,117.9700000
US1.JPM,D,20190913,000000,120.2500000
US1.JPM,D,20190916,000000,119.2000000
US1.JPM,D,20190917,000000,118.6000000
US1.JPM,D,20190918,000000,119.7300000
US1.JPM,D,20190919,000000,119.3100000
US1.JPM,D,20190920,000000,118.8900000
US1.JPM,D,20190923,000000,118.8300000
US1.JPM,D,20190924,000000,117.2700000
US1.JPM,D,20190925,000000,118.0000000
US1.JPM,D,20190926,000000,116.9800000
US1.JPM,D,20190927,000000,117.7100000
US1.JPM,D,20190930,000000,117.7100000
US1.JPM,D,20191001,000000,115.5600000
US1.JPM,D,20191002,000000,113.2100000
US1.JPM,D,20191003,000000,112.1100000
US1.JPM,D,20191004,000000,114.6300000
US1.JPM,D,20191007,000000,114.4000000
US1.JPM,D,20191008,000000,111.8700000
US1.JPM,D,20191009,000000,112.5800000
US1.JPM,D,20191010,000000,114.2000000
US1.JPM,D,20191011,000000,116.1200000
US1.JPM,D,20191014,000000,116.4000000
US1.JPM,D,20191015,000000,119.9700000
US1.JPM,D,20191016,000000,119.6800000
US1.JPM,D,20191017,000000,120.3800000
US1.JPM,D,20191018,000000,120.6500000
US1.JPM,D,20191021,000000,123.4200000
US1.JPM,D,20191022,000000,124.5500000
US1.JPM,D,20191023,000000,125.1300000
US1.JPM,D,20191024,000000,125.0800000
US1.JPM,D,20191025,000000,126.0800000
US1.JPM,D,20191028,000000,126.6100000
US1.JPM,D,20191029,000000,126.4600000
US1.JPM,D,20191030,000000,125.6300000
US1.JPM,D,20191031,000000,124.8600000
US1.JPM,D,20191101,000000,127.7950000
US1.JPM,D,20191104,000000,128.8650000
US1.JPM,D,20191105,000000,128.9600000
US1.JPM,D,20191106,000000,129.1700000
US1.JPM,D,20191107,000000,130.1300000
US1.JPM,D,20191108,000000,130.4000000
US1.JPM,D,20191111,000000,129.9300000
US1.JPM,D,20191112,000000,129.1500000
US1.JPM,D,20191113,000000,128.4800000
US1.JPM,D,20191114,000000,128.7150000
US1.JPM,D,20191115,000000,129.5000000
US1.JPM,D,20191118,000000,130.6000000
US1.JPM,D,20191119,000000,130.5900000
US1.JPM,D,20191120,000000,129.5300000
US1.JPM,D,20191121,000000,129.9500000
US1.JPM,D,20191122,000000,130.7800000
US1.JPM,D,20191125,000000,131.5200000
US1.JPM,D,20191126,000000,131.6400000
US1.JPM,D,20191127,000000,132.1000000
US1.JPM,D,20191129,000000,131.7600000
US1.JPM,D,20191202,000000,131.5300000
US1.JPM,D,20191203,000000,129.7550000
US1.JPM,D,20191204,000000,132.3700000
US1.JPM,D,20191205,000000,133.0900000
US1.JPM,D,20191206,000000,135.0400000
US1.JPM,D,20191209,000000,134.4500000
US1.JPM,D,20191210,000000,134.4200000
US1.JPM,D,20191211,000000,134.1500000
US1.JPM,D,20191213,000000,136.8300000
US1.JPM,D,20191216,000000,137.3500000
US1.JPM,D,20191217,000000,138.1500000
US1.JPM,D,20191218,000000,137.9850000
US1.JPM,D,20191219,000000,137.3600000
US1.JPM,D,20191220,000000,137.2700000
US1.JPM,D,20191223,000000,137.1300000
US1.JPM,D,20191224,000000,137.5700000
US1.JPM,D,20191226,000000,138.9700000
US1.JPM,D,20191227,000000,139.1300000
US1.JPM,D,20191230,000000,138.6400000
US1.JPM,D,20191231,000000,139.4750000
US1.JPM,D,20200102,000000,141.0300000
US1.JPM,D,20200103,000000,138.4100000
US1.JPM,D,20200106,000000,138.2600000
US1.JPM,D,20200107,000000,135.8300000
US1.JPM,D,20200108,000000,136.9700000
US1.JPM,D,20200109,000000,137.4100000
US1.JPM,D,20200110,000000,136.0700000
US1.JPM,D,20200113,000000,137.1100000
US1.JPM,D,20200114,000000,138.6100000
US1.JPM,D,20200115,000000,136.7700000
US1.JPM,D,20200116,000000,137.2500000
US1.JPM,D,20200117,000000,138.1600000
US1.JPM,D,20200121,000000,136.8300000
US1.JPM,D,20200122,000000,136.6850000
US1.JPM,D,20200123,000000,136.5600000
US1.JPM,D,20200124,000000,133.1500000
US1.JPM,D,20200127,000000,132.0300000
US1.JPM,D,20200128,000000,134.4300000
US1.JPM,D,20200129,000000,134.2200000
US1.JPM,D,20200130,000000,135.9400000
US1.JPM,D,20200131,000000,132.3600000
US1.JPM,D,20200203,000000,133.3600000
US1.JPM,D,20200204,000000,135.2900000
US1.JPM,D,20200205,000000,137.5900000
US1.JPM,D,20200206,000000,137.5900000
US1.JPM,D,20200207,000000,137.1600000
US1.JPM,D,20200210,000000,137.6500000
US1.JPM,D,20200211,000000,137.9900000
US1.JPM,D,20200212,000000,138.0000000
US1.JPM,D,20200213,000000,137.8100000
US1.JPM,D,20200214,000000,137.4000000
US1.JPM,D,20200218,000000,135.6400000
US1.JPM,D,20200219,000000,137.4900000
US1.JPM,D,20200220,000000,137.5200000
US1.JPM,D,20200221,000000,135.8000000
US1.JPM,D,20200224,000000,132.1900000
US1.JPM,D,20200226,000000,126.6100000
US1.JPM,D,20200227,000000,121.3900000
US1.JPM,D,20200228,000000,116.0700000
US1.JPM,D,20200302,000000,121.5400000
US1.JPM,D,20200303,000000,117.0700000
US1.JPM,D,20200304,000000,119.9500000
US1.JPM,D,20200305,000000,114.1100000
US1.JPM,D,20200306,000000,108.1000000
US1.JPM,D,20200309,000000,93.5300000
US1.JPM,D,20200310,000000,100.7100000
US1.JPM,D,20200311,000000,95.8900000
US1.JPM,D,20200312,000000,88.2300000
US1.JPM,D,20200313,000000,103.8950000
US1.JPM,D,20200316,000000,88.3500000
US1.JPM,D,20200317,000000,93.6900000
US1.JPM,D,20200318,000000,83.8900000
US1.JPM,D,20200319,000000,85.3400000
US1.JPM,D,20200320,000000,83.4400000
US1.JPM,D,20200323,000000,78.8700000
US1.JPM,D,20200324,000000,88.2700000
US1.JPM,D,20200325,000000,91.8600000
US1.JPM,D,20200326,000000,98.3000000
US1.JPM,D,20200327,000000,91.1700000
US1.JPM,D,20200330,000000,93.4500000
US1.JPM,D,20200331,000000,90.0400000
US1.JPM,D,20200401,000000,84.3900000
US1.JPM,D,20200402,000000,87.4100000
US1.JPM,D,20200403,000000,84.0700000
US1.JPM,D,20200406,000000,88.8500000
US1.JPM,D,20200407,000000,90.4600000
US1.JPM,D,20200408,000000,94.2500000
US1.JPM,D,20200409,000000,102.7400000
US1.JPM,D,20200413,000000,98.2400000
US1.JPM,D,20200414,000000,95.4900000
US1.JPM,D,20200415,000000,90.8400000
US1.JPM,D,20200416,000000,87.3200000
US1.JPM,D,20200417,000000,94.9900000
US1.JPM,D,20200421,000000,89.0200000
US1.JPM,D,20200422,000000,89.2300000
US1.JPM,D,20200423,000000,89.3000000
US1.JPM,D,20200424,000000,90.7000000
US1.JPM,D,20200427,000000,94.4300000
US1.JPM,D,20200428,000000,95.2900000
US1.JPM,D,20200429,000000,97.7900000
US1.JPM,D,20200430,000000,95.8000000
US1.JPM,D,20200501,000000,93.3100000
